"UserID","Cluster"
1,2
2,2
3,2
4,1
5,2
6,1
7,2
8,1
9,1
10,1
11,2
12,1
13,2
14,1
15,2
16,1
17,1
18,1
19,2
20,2
21,2
22,2
23,2
24,2
25,1
26,1
27,1
28,2
29,2
30,2
31,1
32,2
33,2
34,1
35,2
36,1
37,1
38,1
39,2
40,1
41,2
42,2
43,2
44,2
45,2
46,1
47,2
48,1
49,2
50,2
51,2
52,2
53,1
54,1
55,1
56,1
57,2
58,1
59,2
60,2
61,1
62,1
63,2
64,1
65,1
66,1
67,1
68,2
69,1
70,2
71,1
72,2
73,2
74,2
75,2
76,1
77,2
78,2
79,1
80,1
81,1
82,1
83,1
84,2
85,1
86,1
87,2
88,1
89,2
90,2
91,1
92,1
93,1
94,2
95,1
96,2
97,2
98,1
99,2
100,2
101,1
102,1
103,2
104,1
105,1
106,1
107,2
108,2
109,2
110,1
111,2
112,1
113,1
114,1
115,2
116,1
117,1
118,2
119,2
120,1
121,2
122,1
123,2
124,2
125,1
126,1
127,2
128,2
129,2
130,1
131,1
132,1
133,2
134,1
135,1
136,1
137,2
138,2
139,1
140,1
141,2
142,2
143,1
144,2
145,1
146,1
147,1
148,1
149,2
150,2
151,1
152,2
153,1
154,2
155,2
156,2
157,2
158,2
159,2
160,2
161,2
162,2
163,1
164,2
165,1
166,1
167,2
168,2
169,2
170,2
171,2
172,2
173,1
174,1
175,2
176,2
177,1
178,2
179,2
180,1
181,1
182,1
183,1
184,1
185,2
186,1
187,1
188,2
189,1
190,1
191,1
192,2
193,1
194,2
195,1
196,1
197,2
198,1
199,1
200,2
201,1
202,2
203,2
204,2
205,2
206,1
207,2
208,2
209,2
210,2
211,1
212,1
213,1
214,2
215,2
216,1
217,1
218,2
219,1
220,2
221,2
222,1
223,2
224,1
225,1
226,2
227,1
228,1
229,1
230,2
231,1
232,1
233,2
234,1
235,2
236,1
237,2
238,2
239,1
240,1
241,2
242,1
243,1
244,2
245,1
246,2
247,1
248,1
249,2
250,2
251,2
252,1
253,1
254,1
255,2
256,2
257,1
258,1
259,2
260,2
261,2
262,1
263,2
264,1
265,2
266,2
267,1
268,2
269,1
270,1
271,2
272,1
273,2
274,1
275,1
276,2
277,2
278,1
279,1
280,1
281,2
282,1
283,2
284,2
285,2
286,2
287,2
288,1
289,1
290,1
291,1
292,2
293,1
294,1
295,1
296,1
297,2
298,1
299,1
300,2
301,2
302,2
303,2
304,1
305,1
306,1
307,2
308,1
309,1
310,2
311,1
312,2
313,2
314,1
315,1
316,2
317,1
318,1
319,2
320,1
321,2
322,2
323,2
324,2
325,1
326,2
327,2
328,1
329,2
330,2
331,1
332,1
333,1
334,2
335,1
336,2
337,2
338,2
339,1
340,1
341,1
342,2
343,2
344,1
345,2
346,2
347,1
348,1
349,1
350,2
351,2
352,2
353,2
354,2
355,2
356,1
357,2
358,2
359,1
360,1
361,1
362,1
363,2
364,1
365,1
366,2
367,2
368,2
369,1
370,2
371,1
372,2
373,2
374,1
375,2
376,1
377,2
378,2
379,2
380,2
381,1
382,2
383,2
384,1
385,2
386,1
387,2
388,1
389,2
390,1
391,1
392,2
393,1
394,2
395,1
396,1
397,2
398,2
399,2
400,1
401,2
402,1
403,1
404,1
405,1
406,1
407,1
408,2
409,2
410,2
411,1
412,1
413,1
414,1
415,2
416,2
417,2
418,2
419,1
420,1
421,2
422,2
423,1
424,2
425,1
426,2
427,1
428,2
429,1
430,2
431,1
432,1
433,1
434,2
435,2
436,2
437,1
438,2
439,2
440,2
441,1
442,2
443,2
444,2
445,2
446,1
447,2
448,1
449,1
450,2
451,2
452,2
453,1
454,1
455,2
456,1
457,1
458,2
459,1
460,1
461,1
462,2
463,2
464,1
465,2
466,1
467,1
468,1
469,1
470,1
471,2
472,1
473,1
474,2
475,2
476,1
477,2
478,2
479,1
480,1
481,2
482,2
483,2
484,2
485,1
486,2
487,2
488,2
489,1
490,1
491,2
492,2
493,2
494,1
495,1
496,1
497,2
498,2
499,1
500,1
501,1
502,2
503,1
504,2
505,1
506,2
507,1
508,1
509,2
510,1
511,2
512,1
513,2
514,2
515,2
516,1
517,2
518,1
519,2
520,2
521,2
522,2
523,2
524,1
525,2
526,1
527,2
528,2
529,1
530,2
531,2
532,2
533,1
534,2
535,2
536,1
537,2
538,2
539,2
540,2
541,1
542,2
543,1
544,1
545,1
546,1
547,1
548,2
549,2
550,1
551,2
552,1
553,2
554,1
555,1
556,2
557,1
558,2
559,2
560,1
561,2
562,2
563,2
564,2
565,1
566,1
567,1
568,1
569,2
570,1
571,2
572,2
573,2
574,1
575,2
576,1
577,2
578,1
579,2
580,1
581,2
582,1
583,1
584,2
585,1
586,1
587,2
588,2
589,1
590,2
591,2
592,1
593,2
594,2
595,2
596,2
597,2
598,1
599,2
600,2
601,1
602,2
603,2
604,1
605,2
606,1
607,1
608,1
609,2
610,2
611,1
612,1
613,1
614,1
615,2
616,2
617,1
618,1
619,1
620,1
621,1
622,2
623,2
624,1
625,1
626,1
627,2
628,1
629,1
630,2
631,1
632,1
633,1
634,2
635,1
636,1
637,2
638,1
639,1
640,2
641,1
642,1
643,2
644,2
645,2
646,1
647,2
648,2
649,2
650,2
651,2
652,2
653,2
654,2
655,1
656,2
657,2
658,1
659,1
660,1
661,2
662,1
663,2
664,1
665,2
666,2
667,2
668,2
669,1
670,2
671,2
672,1
673,1
674,1
675,1
676,1
677,2
678,1
679,2
680,2
681,1
682,2
683,2
684,1
685,1
686,2
687,2
688,2
689,1
690,1
691,1
692,2
693,1
694,2
695,1
696,2
697,2
698,2
699,1
700,1
701,1
702,2
703,1
704,2
705,2
706,1
707,1
708,1
709,2
710,1
711,2
712,1
713,1
714,2
715,1
716,2
717,2
718,1
719,1
720,1
721,2
722,1
723,2
724,2
725,2
726,2
727,1
728,2
729,2
730,1
731,2
732,1
733,1
734,1
735,2
736,2
737,1
738,1
739,2
740,1
741,2
742,1
743,1
744,2
745,2
746,1
747,1
748,2
749,2
750,1
751,2
752,2
753,2
754,1
755,1
756,2
757,1
758,2
759,2
760,1
761,1
762,1
763,1
764,2
765,2
766,2
767,2
768,1
769,2
770,2
771,2
772,2
773,2
774,2
775,1
776,2
777,1
778,1
779,1
780,1
781,2
782,1
783,1
784,1
785,1
786,2
787,1
788,2
789,2
790,2
791,1
792,2
793,2
794,2
795,1
796,1
797,1
798,1
799,1
800,1
801,1
802,1
803,2
804,1
805,2
806,2
807,1
808,1
809,2
810,2
811,1
812,1
813,2
814,1
815,1
816,1
817,1
818,1
819,2
820,1
821,2
822,2
823,2
824,2
825,1
826,2
827,2
828,2
829,1
830,2
831,1
832,2
833,2
834,1
835,2
836,2
837,1
838,2
839,1
840,1
841,1
842,1
843,1
844,1
845,2
846,1
847,1
848,1
849,2
850,2
851,2
852,1
853,1
854,2
855,2
856,1
857,1
858,1
859,1
860,2
861,1
862,2
863,2
864,1
865,1
866,1
867,1
868,2
869,1
870,2
871,1
872,2
873,1
874,2
875,2
876,1
877,1
878,1
879,2
880,2
881,2
882,1
883,2
884,1
885,2
886,2
887,1
888,2
889,1
890,2
891,1
892,2
893,2
894,1
895,2
896,1
897,1
898,1
899,2
900,1
901,2
902,1
903,1
904,2
905,1
906,1
907,2
908,2
909,1
910,2
911,2
912,2
913,2
914,2
915,2
916,2
917,1
918,1
919,1
920,2
921,2
922,1
923,2
924,2
925,2
926,1
927,1
928,1
929,2
930,1
931,2
932,2
933,1
934,2
935,2
936,2
937,2
938,1
939,1
940,1
941,2
942,2
943,1
944,2
945,2
946,1
947,2
948,2
949,1
950,1
951,1
952,2
953,1
954,2
955,1
956,2
957,1
958,2
959,2
960,2
961,1
962,2
963,2
964,1
965,2
966,2
967,1
968,1
969,2
970,1
971,1
972,1
973,1
974,2
975,1
976,1
977,1
978,2
979,1
980,2
981,1
982,2
983,1
984,1
985,2
986,2
987,1
988,1
989,1
990,2
991,1
992,1
993,2
994,1
995,2
996,1
997,2
998,1
999,2
1000,2
1001,1
1002,2
1003,1
1004,1
1005,1
1006,1
1007,2
1008,1
1009,2
1010,2
1011,1
1012,2
1013,1
1014,2
1015,1
1016,2
1017,1
1018,1
1019,1
1020,2
1021,2
1022,1
1023,2
1024,1
1025,1
1026,1
1027,1
1028,2
1029,1
1030,1
1031,2
1032,1
1033,2
1034,1
1035,1
1036,2
1037,2
1038,1
1039,2
1040,1
1041,2
1042,1
1043,2
1044,2
1045,1
1046,1
1047,1
1048,2
1049,1
1050,1
1051,1
1052,1
1053,2
1054,1
1055,2
1056,2
1057,2
1058,1
1059,2
1060,2
1061,1
1062,2
1063,2
1064,2
1065,2
1066,2
1067,1
1068,1
1069,2
1070,2
1071,1
1072,1
1073,2
1074,2
1075,2
1076,1
1077,1
1078,1
1079,2
1080,2
1081,1
1082,2
1083,1
1084,1
1085,1
1086,2
1087,1
1088,2
1089,1
1090,2
1091,2
1092,2
1093,1
1094,1
1095,2
1096,2
1097,1
1098,1
1099,2
1100,1
1101,1
1102,2
1103,2
1104,2
1105,2
1106,1
1107,2
1108,2
1109,1
1110,2
1111,1
1112,2
1113,1
1114,2
1115,1
1116,1
1117,2
1118,1
1119,1
1120,1
1121,1
1122,2
1123,2
1124,2
1125,1
1126,2
1127,2
1128,2
1129,1
1130,2
1131,2
1132,1
1133,2
1134,1
1135,2
1136,2
1137,2
1138,1
1139,1
1140,1
1141,1
1142,2
1143,2
1144,2
1145,1
1146,2
1147,2
1148,2
1149,2
1150,1
1151,2
1152,2
1153,1
1154,1
1155,2
1156,1
1157,2
1158,1
1159,2
1160,2
1161,2
1162,2
1163,1
1164,1
1165,2
1166,1
1167,1
1168,2
1169,2
1170,2
1171,1
1172,2
1173,2
1174,1
1175,1
1176,1
1177,1
1178,1
1179,1
1180,1
1181,2
1182,2
1183,2
1184,2
1185,2
1186,1
1187,2
1188,2
1189,1
1190,1
1191,1
1192,2
1193,1
1194,2
1195,2
1196,2
1197,1
1198,2
1199,2
1200,1
1201,1
1202,1
1203,2
1204,1
1205,2
1206,2
1207,2
1208,1
1209,2
1210,2
1211,2
1212,2
1213,2
1214,1
1215,1
1216,1
1217,2
1218,1
1219,1
1220,2
1221,2
1222,2
1223,1
1224,1
1225,1
1226,2
1227,2
1228,1
1229,1
1230,1
1231,1
1232,1
1233,2
1234,2
1235,1
1236,2
1237,1
1238,2
1239,2
1240,2
1241,2
1242,1
1243,1
1244,1
1245,1
1246,2
1247,2
1248,2
1249,2
1250,2
1251,2
1252,1
1253,2
1254,1
1255,1
1256,2
1257,1
1258,2
1259,2
1260,2
1261,2
1262,1
1263,2
1264,2
1265,2
1266,1
1267,2
1268,1
1269,1
1270,1
1271,2
1272,2
1273,1
1274,1
1275,1
1276,2
1277,2
1278,2
1279,2
1280,1
1281,1
1282,2
1283,1
1284,2
1285,2
1286,1
1287,2
1288,2
1289,2
1290,1
1291,1
1292,2
1293,2
1294,1
1295,2
1296,2
1297,2
1298,2
1299,1
1300,2
1301,1
1302,2
1303,1
1304,2
1305,2
1306,2
1307,1
1308,2
1309,1
1310,1
1311,1
1312,1
1313,2
1314,1
1315,1
1316,2
1317,2
1318,2
1319,2
1320,2
1321,1
1322,2
1323,2
1324,2
1325,1
1326,2
1327,1
1328,1
1329,2
1330,2
1331,2
1332,1
1333,2
1334,2
1335,2
1336,2
1337,1
1338,2
1339,2
1340,1
1341,1
1342,1
1343,2
1344,2
1345,1
1346,2
1347,1
1348,2
1349,2
1350,1
1351,1
1352,2
1353,2
1354,1
1355,1
1356,1
1357,2
1358,1
1359,1
1360,1
1361,2
1362,2
1363,2
1364,2
1365,2
1366,1
1367,2
1368,1
1369,2
1370,2
1371,1
1372,1
1373,2
1374,1
1375,2
1376,2
1377,1
1378,2
1379,2
1380,1
1381,2
1382,1
1383,1
1384,1
1385,2
1386,1
1387,1
1388,1
1389,2
1390,2
1391,2
1392,2
1393,2
1394,2
1395,1
1396,1
1397,2
1398,1
1399,2
1400,2
1401,1
1402,2
1403,2
1404,1
1405,2
1406,1
1407,2
1408,1
1409,1
1410,2
1411,2
1412,2
1413,2
1414,1
1415,1
1416,2
1417,2
1418,1
1419,2
1420,2
1421,2
1422,2
1423,2
1424,1
1425,1
1426,1
1427,1
1428,2
1429,1
1430,2
1431,2
1432,1
1433,2
1434,1
1435,2
1436,1
1437,2
1438,2
1439,1
1440,1
1441,1
1442,2
1443,2
1444,1
1445,2
1446,1
1447,2
1448,1
1449,1
1450,2
1451,2
1452,2
1453,2
1454,2
1455,1
1456,1
1457,2
1458,2
1459,1
1460,2
1461,1
1462,2
1463,1
1464,2
1465,2
1466,1
1467,2
1468,1
1469,2
1470,1
1471,2
1472,1
1473,1
1474,2
1475,1
1476,1
1477,1
1478,2
1479,2
1480,1
1481,2
1482,2
1483,2
1484,1
1485,1
1486,1
1487,2
1488,2
1489,2
1490,2
1491,2
1492,2
1493,1
1494,2
1495,1
1496,1
1497,2
1498,2
1499,1
1500,2
1501,1
1502,1
1503,2
1504,2
1505,2
1506,1
1507,1
1508,1
1509,2
1510,2
1511,1
1512,1
1513,1
1514,2
1515,2
1516,2
1517,1
1518,2
1519,1
1520,2
1521,2
1522,2
1523,2
1524,1
1525,2
1526,1
1527,2
1528,1
1529,2
1530,1
1531,2
1532,2
1533,2
1534,2
1535,2
1536,1
1537,1
1538,1
1539,2
1540,1
1541,1
1542,1
1543,1
1544,2
1545,2
1546,2
1547,2
1548,1
1549,1
1550,2
1551,2
1552,2
1553,2
1554,2
1555,1
1556,1
1557,2
1558,2
1559,2
1560,1
1561,1
1562,2
1563,2
1564,2
1565,2
1566,2
1567,2
1568,2
1569,1
1570,1
1571,1
1572,2
1573,2
1574,1
1575,2
1576,1
1577,2
1578,1
1579,1
1580,1
1581,2
1582,1
1583,1
1584,2
1585,1
1586,1
1587,2
1588,1
1589,1
1590,1
1591,1
1592,2
1593,1
1594,1
1595,1
1596,1
1597,1
1598,2
1599,2
1600,2
1601,2
1602,2
1603,1
1604,1
1605,1
1606,2
1607,1
1608,1
1609,1
1610,2
1611,2
1612,2
1613,1
1614,2
1615,2
1616,1
1617,2
1618,1
1619,2
1620,2
1621,1
1622,1
1623,2
1624,1
1625,2
1626,2
1627,1
1628,1
1629,2
1630,1
1631,1
1632,2
1633,2
1634,2
1635,2
1636,1
1637,1
1638,1
1639,2
1640,2
1641,2
1642,2
1643,2
1644,2
1645,2
1646,1
1647,2
1648,2
1649,1
1650,1
1651,2
1652,2
1653,2
1654,2
1655,1
1656,2
1657,2
1658,2
1659,2
1660,1
1661,1
1662,2
1663,1
1664,1
1665,2
1666,2
1667,1
1668,2
1669,1
1670,2
1671,1
1672,1
1673,1
1674,1
1675,1
1676,1
1677,2
1678,1
1679,1
1680,1
1681,2
1682,2
1683,2
1684,2
1685,1
1686,1
1687,2
1688,1
1689,2
1690,1
1691,2
1692,2
1693,1
1694,2
1695,1
1696,1
1697,2
1698,1
1699,2
1700,1
1701,1
1702,2
1703,1
1704,2
1705,1
1706,2
1707,1
1708,2
1709,1
1710,1
1711,1
1712,2
1713,1
1714,1
1715,2
1716,1
1717,1
1718,1
1719,1
1720,1
1721,2
1722,2
1723,1
1724,1
1725,2
1726,2
1727,1
1728,2
1729,2
1730,1
1731,1
1732,2
1733,1
1734,2
1735,2
1736,2
1737,2
1738,2
1739,1
1740,2
1741,1
1742,1
1743,2
1744,1
1745,2
1746,2
1747,1
1748,2
1749,1
1750,2
1751,1
1752,2
1753,1
1754,2
1755,2
1756,1
1757,1
1758,1
1759,2
1760,1
1761,2
1762,2
1763,2
1764,2
1765,1
1766,2
1767,2
1768,2
1769,1
1770,1
1771,1
1772,2
1773,2
1774,1
1775,2
1776,2
1777,2
1778,1
1779,1
1780,1
1781,1
1782,1
1783,1
1784,1
1785,1
1786,1
1787,2
1788,1
1789,1
1790,2
1791,1
1792,2
1793,2
1794,1
1795,1
1796,1
1797,2
1798,1
1799,2
1800,1
1801,2
1802,2
1803,2
1804,1
1805,1
1806,1
1807,1
1808,2
1809,1
1810,2
1811,2
1812,2
1813,2
1814,2
1815,2
1816,1
1817,2
1818,1
1819,1
1820,1
1821,1
1822,2
1823,1
1824,1
1825,2
1826,2
1827,1
1828,1
1829,1
1830,2
1831,2
1832,2
1833,2
1834,2
1835,2
1836,1
1837,1
1838,1
1839,1
1840,2
1841,2
1842,2
1843,1
1844,2
1845,1
1846,2
1847,2
1848,2
1849,1
1850,1
1851,2
1852,1
1853,1
1854,2
1855,2
1856,2
1857,1
1858,1
1859,1
1860,1
1861,2
1862,1
1863,1
1864,1
1865,1
1866,1
1867,2
1868,2
1869,2
1870,1
1871,2
1872,1
1873,2
1874,2
1875,1
1876,2
1877,1
1878,2
1879,1
1880,2
1881,2
1882,2
1883,2
1884,1
1885,2
1886,2
1887,1
1888,1
1889,1
1890,2
1891,1
1892,2
1893,2
1894,1
1895,2
1896,2
1897,2
1898,1
1899,1
1900,1
1901,1
1902,1
1903,1
1904,2
1905,1
1906,2
1907,1
1908,2
1909,1
1910,1
1911,1
1912,1
1913,2
1914,1
1915,1
1916,1
1917,2
1918,1
1919,1
1920,2
1921,1
1922,1
1923,1
1924,2
1925,1
1926,1
1927,2
1928,2
1929,2
1930,1
1931,1
1932,1
1933,1
1934,2
1935,1
1936,2
1937,1
1938,1
1939,1
1940,1
1941,1
1942,1
1943,1
1944,2
1945,1
1946,2
1947,1
1948,2
1949,2
1950,1
1951,2
1952,2
1953,1
1954,1
1955,1
1956,2
1957,1
1958,1
1959,2
1960,2
1961,1
1962,2
1963,1
1964,2
1965,2
1966,1
1967,2
1968,1
1969,1
1970,2
1971,2
1972,1
1973,2
1974,1
1975,2
1976,2
1977,1
1978,1
1979,1
1980,1
1981,1
1982,1
1983,1
1984,1
1985,2
1986,2
1987,1
1988,2
1989,1
1990,2
1991,2
1992,2
1993,2
1994,2
1995,1
1996,2
1997,2
1998,1
1999,1
2000,1
2001,1
2002,1
2003,1
2004,1
2005,2
2006,2
2007,1
2008,2
2009,2
2010,1
2011,2
2012,1
2013,1
2014,2
2015,1
2016,1
2017,1
2018,2
2019,2
2020,1
2021,1
2022,1
2023,2
2024,1
2025,2
2026,1
2027,1
2028,1
2029,1
2030,2
2031,2
2032,1
2033,1
2034,2
2035,2
2036,2
2037,1
2038,1
2039,1
2040,2
2041,2
2042,2
2043,1
2044,2
2045,2
2046,2
2047,2
2048,1
2049,2
2050,2
2051,2
2052,2
2053,1
2054,2
2055,1
2056,2
2057,2
2058,1
2059,1
2060,1
2061,2
2062,1
2063,2
2064,2
2065,2
2066,2
2067,2
2068,1
2069,2
2070,2
2071,1
2072,1
2073,2
2074,1
2075,2
2076,2
2077,1
2078,1
2079,1
2080,1
2081,1
2082,2
2083,1
2084,1
2085,1
2086,2
2087,1
2088,2
2089,2
2090,2
2091,2
2092,1
2093,2
2094,1
2095,2
2096,2
2097,2
2098,1
2099,2
2100,2
2101,2
2102,1
2103,2
2104,2
2105,1
2106,1
2107,2
2108,1
2109,2
2110,2
2111,2
2112,2
2113,2
2114,2
2115,1
2116,1
2117,1
2118,2
2119,1
2120,1
2121,2
2122,2
2123,2
2124,2
2125,1
2126,2
2127,1
2128,1
2129,2
2130,1
2131,1
2132,2
2133,1
2134,2
2135,1
2136,2
2137,2
2138,2
2139,1
2140,1
2141,2
2142,2
2143,1
2144,1
2145,2
2146,2
2147,1
2148,1
2149,2
2150,2
2151,1
2152,2
2153,1
2154,1
2155,2
2156,1
2157,2
2158,2
2159,2
2160,2
2161,1
2162,2
2163,1
2164,2
2165,1
2166,1
2167,1
2168,2
2169,1
2170,1
2171,2
2172,1
2173,1
2174,2
2175,2
2176,2
2177,1
2178,2
2179,1
2180,2
2181,2
2182,1
2183,2
2184,2
2185,1
2186,1
2187,1
2188,1
2189,2
2190,2
2191,1
2192,2
2193,1
2194,2
2195,1
2196,2
2197,2
2198,1
2199,2
2200,1
2201,2
2202,2
2203,2
2204,1
2205,1
2206,2
2207,2
2208,2
2209,1
2210,1
2211,2
2212,2
2213,2
2214,2
2215,1
2216,2
2217,2
2218,2
2219,2
2220,1
2221,2
2222,1
2223,1
2224,1
2225,2
2226,2
2227,1
2228,1
2229,1
2230,1
2231,2
2232,2
2233,1
2234,1
2235,1
2236,2
2237,2
2238,2
2239,2
2240,1
2241,2
2242,2
2243,2
2244,1
2245,2
2246,1
2247,1
2248,2
2249,2
2250,2
2251,1
2252,2
2253,1
2254,1
2255,2
2256,2
2257,2
2258,1
2259,1
2260,1
2261,2
2262,2
2263,1
2264,2
2265,1
2266,1
2267,2
2268,1
2269,1
2270,2
2271,1
2272,2
2273,1
2274,1
2275,2
2276,2
2277,2
2278,2
2279,2
2280,1
2281,2
2282,2
2283,2
2284,2
2285,2
2286,1
2287,2
2288,2
2289,2
2290,2
2291,2
2292,1
2293,2
2294,1
2295,2
2296,2
2297,2
2298,2
2299,2
2300,1
2301,2
2302,2
2303,1
2304,2
2305,1
2306,2
2307,1
2308,2
2309,1
2310,1
2311,2
2312,1
2313,2
2314,2
2315,2
2316,2
2317,2
2318,2
2319,2
2320,2
2321,2
2322,1
2323,2
2324,1
2325,1
2326,1
2327,1
2328,1
2329,2
2330,1
2331,1
2332,1
2333,1
2334,1
2335,1
2336,2
2337,1
2338,1
2339,2
2340,1
2341,2
2342,2
2343,1
2344,1
2345,2
2346,2
2347,1
2348,2
2349,2
2350,1
2351,2
2352,2
2353,1
2354,1
2355,2
2356,2
2357,2
2358,1
2359,1
2360,1
2361,2
2362,1
2363,1
2364,1
2365,2
2366,2
2367,2
2368,2
2369,1
2370,1
2371,2
2372,1
2373,1
2374,2
2375,2
2376,1
2377,2
2378,1
2379,1
2380,2
2381,2
2382,1
2383,2
2384,1
2385,1
2386,1
2387,1
2388,2
2389,1
2390,2
2391,1
2392,1
2393,2
2394,1
2395,1
2396,2
2397,1
2398,1
2399,1
2400,1
2401,2
2402,2
2403,1
2404,1
2405,1
2406,1
2407,1
2408,2
2409,2
2410,1
2411,2
2412,2
2413,2
2414,2
2415,1
2416,2
2417,2
2418,1
2419,1
2420,1
2421,2
2422,1
2423,2
2424,2
2425,2
2426,1
2427,1
2428,1
2429,2
2430,1
2431,2
2432,1
2433,2
2434,2
2435,2
2436,2
2437,2
2438,2
2439,1
2440,1
2441,1
2442,2
2443,2
2444,2
2445,1
2446,1
2447,1
2448,2
2449,1
2450,2
2451,1
2452,2
2453,2
2454,2
2455,2
2456,2
2457,2
2458,2
2459,2
2460,1
2461,2
2462,1
2463,1
2464,1
2465,2
2466,1
2467,2
2468,2
2469,2
2470,2
2471,2
2472,1
2473,1
2474,2
2475,2
2476,2
2477,1
2478,1
2479,1
2480,2
2481,1
2482,2
2483,1
2484,2
2485,1
2486,2
2487,1
2488,2
2489,1
2490,2
2491,2
2492,2
2493,1
2494,2
2495,1
2496,1
2497,1
2498,1
2499,2
2500,2
2501,1
2502,2
2503,2
2504,1
2505,2
2506,1
2507,1
2508,1
2509,1
2510,1
2511,1
2512,2
2513,1
2514,1
2515,2
2516,1
2517,1
2518,2
2519,1
2520,1
2521,2
2522,1
2523,2
2524,2
2525,1
2526,1
2527,2
2528,2
2529,1
2530,2
2531,2
2532,2
2533,2
2534,1
2535,1
2536,1
2537,2
2538,2
2539,1
2540,1
2541,1
2542,2
2543,2
2544,2
2545,1
2546,1
2547,1
2548,1
2549,1
2550,1
2551,2
2552,2
2553,1
2554,1
2555,1
2556,2
2557,1
2558,2
2559,1
2560,2
2561,2
2562,1
2563,1
2564,2
2565,2
2566,2
2567,1
2568,2
2569,1
2570,2
2571,2
2572,1
2573,1
2574,1
2575,2
2576,1
2577,2
2578,1
2579,2
2580,2
2581,2
2582,2
2583,1
2584,1
2585,2
2586,2
2587,1
2588,1
2589,2
2590,2
2591,2
2592,2
2593,1
2594,2
2595,2
2596,1
2597,1
2598,1
2599,2
2600,2
2601,2
2602,2
2603,2
2604,2
2605,2
2606,1
2607,2
2608,2
2609,2
2610,2
2611,2
2612,1
2613,2
2614,1
2615,1
2616,1
2617,2
2618,2
2619,2
2620,1
2621,1
2622,2
2623,2
2624,2
2625,2
2626,2
2627,1
2628,2
2629,2
2630,1
2631,2
2632,1
2633,2
2634,2
2635,2
2636,1
2637,1
2638,1
2639,2
2640,2
2641,2
2642,1
2643,1
2644,1
2645,2
2646,1
2647,1
2648,2
2649,2
2650,2
2651,1
2652,1
2653,2
2654,1
2655,2
2656,1
2657,2
2658,2
2659,2
2660,1
2661,1
2662,1
2663,1
2664,1
2665,1
2666,1
2667,2
2668,2
2669,1
2670,2
2671,2
2672,2
2673,1
2674,1
2675,1
2676,1
2677,1
2678,2
2679,2
2680,1
2681,2
2682,1
2683,1
2684,2
2685,2
2686,1
2687,2
2688,1
2689,1
2690,1
2691,2
2692,1
2693,1
2694,2
2695,1
2696,2
2697,2
2698,1
2699,2
2700,2
2701,2
2702,2
2703,2
2704,1
2705,1
2706,1
2707,1
2708,1
2709,2
2710,2
2711,2
2712,2
2713,2
2714,2
2715,1
2716,2
2717,1
2718,1
2719,2
2720,2
2721,1
2722,1
2723,2
2724,1
2725,2
2726,2
2727,1
2728,1
2729,1
2730,1
2731,2
2732,2
2733,2
2734,1
2735,1
2736,2
2737,2
2738,2
2739,2
2740,2
2741,1
2742,1
2743,2
2744,1
2745,2
2746,2
2747,1
2748,1
2749,1
2750,1
2751,2
2752,1
2753,1
2754,2
2755,1
2756,2
2757,2
2758,1
2759,2
2760,1
2761,1
2762,2
2763,2
2764,2
2765,2
2766,2
2767,1
2768,2
2769,2
2770,2
2771,2
2772,2
2773,2
2774,2
2775,2
2776,2
2777,2
2778,1
2779,2
2780,1
2781,2
2782,2
2783,2
2784,1
2785,2
2786,2
2787,2
2788,1
2789,2
2790,1
2791,2
2792,2
2793,1
2794,1
2795,1
2796,2
2797,1
2798,2
2799,2
2800,1
2801,1
2802,2
2803,1
2804,1
2805,1
2806,1
2807,2
2808,2
2809,2
2810,2
2811,1
2812,1
2813,1
2814,2
2815,2
2816,1
2817,2
2818,1
2819,1
2820,1
2821,1
2822,1
2823,1
2824,2
2825,2
2826,1
2827,1
2828,2
2829,2
2830,2
2831,2
2832,2
2833,1
2834,2
2835,1
2836,2
2837,1
2838,2
2839,2
2840,2
2841,2
2842,2
2843,1
2844,2
2845,1
2846,2
2847,2
2848,1
2849,1
2850,1
2851,1
2852,2
2853,1
2854,2
2855,1
2856,2
2857,1
2858,1
2859,2
2860,2
2861,1
2862,2
2863,2
2864,1
2865,2
2866,2
2867,2
2868,2
2869,1
2870,2
2871,2
2872,1
2873,1
2874,1
2875,1
2876,1
2877,2
2878,1
2879,2
2880,2
2881,1
2882,2
2883,2
2884,1
2885,2
2886,1
2887,2
2888,2
2889,2
2890,1
2891,1
2892,1
2893,1
2894,2
2895,2
2896,1
2897,2
2898,2
2899,1
2900,2
2901,1
2902,2
2903,1
2904,2
2905,1
2906,1
2907,1
2908,1
2909,2
2910,1
2911,1
2912,1
2913,2
2914,2
2915,2
2916,2
2917,1
2918,1
2919,2
2920,1
2921,1
2922,1
2923,1
2924,1
2925,2
2926,2
2927,2
2928,1
2929,1
2930,2
2931,2
2932,2
2933,2
2934,2
2935,1
2936,2
2937,2
2938,2
2939,1
2940,2
2941,2
2942,1
2943,1
2944,1
2945,2
2946,1
2947,1
2948,1
2949,2
2950,1
2951,1
2952,1
2953,2
2954,2
2955,2
2956,2
2957,1
2958,2
2959,1
2960,1
2961,1
2962,1
2963,1
2964,1
2965,2
2966,1
2967,1
2968,1
2969,2
2970,1
2971,1
2972,1
2973,2
2974,2
2975,1
2976,1
2977,1
2978,2
2979,2
2980,1
2981,1
2982,2
2983,1
2984,1
2985,2
2986,2
2987,1
2988,2
2989,2
2990,2
2991,2
2992,2
2993,2
2994,1
2995,1
2996,2
2997,1
2998,1
2999,2
3000,1
3001,1
3002,1
3003,2
3004,1
3005,1
3006,1
3007,1
3008,2
3009,1
3010,2
3011,2
3012,2
3013,2
3014,2
3015,1
3016,2
3017,1
3018,2
3019,1
3020,2
3021,2
3022,1
3023,1
3024,1
3025,1
3026,2
3027,1
3028,2
3029,2
3030,1
3031,1
3032,2
3033,1
3034,1
3035,2
3036,2
3037,2
3038,2
3039,1
3040,1
3041,1
3042,1
3043,1
3044,1
3045,2
3046,2
3047,2
3048,2
3049,2
3050,1
3051,1
3052,1
3053,2
3054,2
3055,2
3056,2
3057,1
3058,2
3059,2
3060,1
3061,2
3062,1
3063,1
3064,1
3065,1
3066,2
3067,1
3068,2
3069,1
3070,2
3071,2
3072,2
3073,1
3074,2
3075,1
3076,1
3077,2
3078,1
3079,2
3080,1
3081,1
3082,2
3083,1
3084,2
3085,1
3086,2
3087,2
3088,1
3089,1
3090,1
3091,2
3092,2
3093,2
3094,2
3095,1
3096,2
3097,2
3098,1
3099,1
3100,1
3101,1
3102,1
3103,2
3104,2
3105,2
3106,1
3107,2
3108,1
3109,2
3110,1
3111,2
3112,2
3113,1
3114,1
3115,2
3116,1
3117,2
3118,2
3119,2
3120,1
3121,2
3122,2
3123,1
3124,1
3125,1
3126,1
3127,1
3128,2
3129,2
3130,1
3131,2
3132,2
3133,1
3134,2
3135,1
3136,1
3137,2
3138,1
3139,2
3140,1
3141,2
3142,1
3143,2
3144,1
3145,1
3146,2
3147,2
3148,2
3149,1
3150,2
3151,2
3152,2
3153,1
3154,2
3155,1
3156,1
3157,1
3158,1
3159,2
3160,2
3161,1
3162,2
3163,2
3164,1
3165,2
3166,2
3167,1
3168,1
3169,1
3170,2
3171,1
3172,1
3173,2
3174,1
3175,2
3176,1
3177,1
3178,2
3179,1
3180,2
3181,1
3182,2
3183,1
3184,2
3185,2
3186,1
3187,1
3188,2
3189,2
3190,2
3191,1
3192,2
3193,1
3194,1
3195,1
3196,2
3197,1
3198,2
3199,1
3200,1
3201,1
3202,1
3203,1
3204,2
3205,1
3206,1
3207,2
3208,1
3209,2
3210,1
3211,1
3212,2
3213,1
3214,1
3215,1
3216,1
3217,1
3218,1
3219,1
3220,2
3221,2
3222,2
3223,1
3224,2
3225,1
3226,2
3227,1
3228,2
3229,1
3230,2
3231,2
3232,1
3233,2
3234,2
3235,1
3236,2
3237,1
3238,1
3239,1
3240,1
3241,1
3242,2
3243,1
3244,2
3245,1
3246,1
3247,2
3248,2
3249,1
3250,1
3251,2
3252,2
3253,1
3254,2
3255,1
3256,2
3257,1
3258,1
3259,1
3260,2
3261,1
3262,2
3263,1
3264,2
3265,2
3266,2
3267,2
3268,2
3269,2
3270,2
3271,1
3272,1
3273,1
3274,2
3275,2
3276,1
3277,1
3278,2
3279,1
3280,1
3281,2
3282,2
3283,1
3284,2
3285,1
3286,1
3287,2
3288,2
3289,1
3290,1
3291,1
3292,1
3293,2
3294,2
3295,2
3296,1
3297,2
3298,1
3299,1
3300,1
3301,1
3302,2
3303,1
3304,1
3305,2
3306,2
3307,1
3308,1
3309,1
3310,2
3311,2
3312,2
3313,1
3314,2
3315,1
3316,2
3317,2
3318,1
3319,2
3320,2
3321,2
3322,1
3323,2
3324,1
3325,2
3326,1
3327,1
3328,1
3329,1
3330,2
3331,1
3332,2
3333,1
3334,2
3335,2
3336,2
3337,1
3338,1
3339,1
3340,1
3341,1
3342,2
3343,1
3344,2
3345,2
3346,1
3347,1
3348,1
3349,1
3350,1
3351,1
3352,1
3353,2
3354,1
3355,1
3356,2
3357,1
3358,2
3359,2
3360,2
3361,2
3362,2
3363,1
3364,2
3365,2
3366,1
3367,1
3368,2
3369,1
3370,2
3371,2
3372,2
3373,2
3374,2
3375,1
3376,1
3377,2
3378,2
3379,1
3380,2
3381,1
3382,2
3383,1
3384,2
3385,2
3386,2
3387,2
3388,2
3389,2
3390,1
3391,1
3392,2
3393,1
3394,1
3395,2
3396,2
3397,1
3398,1
3399,1
3400,2
3401,1
3402,1
3403,2
3404,2
3405,1
3406,1
3407,1
3408,1
3409,2
3410,2
3411,1
3412,1
3413,1
3414,1
3415,2
3416,2
3417,2
3418,1
3419,1
3420,2
3421,1
3422,2
3423,2
3424,2
3425,1
3426,2
3427,2
3428,2
3429,2
3430,1
3431,1
3432,2
3433,2
3434,2
3435,1
3436,2
3437,2
3438,2
3439,2
3440,1
3441,2
3442,2
3443,2
3444,2
3445,2
3446,1
3447,2
3448,2
3449,2
3450,1
3451,2
3452,1
3453,2
3454,1
3455,1
3456,1
3457,2
3458,1
3459,2
3460,2
3461,2
3462,2
3463,1
3464,1
3465,1
3466,1
3467,2
3468,2
3469,2
3470,2
3471,1
3472,1
3473,2
3474,1
3475,2
3476,1
3477,2
3478,1
3479,1
3480,1
3481,1
3482,2
3483,1
3484,2
3485,1
3486,1
3487,2
3488,2
3489,2
3490,2
3491,2
3492,1
3493,2
3494,1
3495,2
3496,1
3497,1
3498,1
3499,1
3500,2
3501,1
3502,2
3503,2
3504,2
3505,2
3506,2
3507,2
3508,2
3509,1
3510,2
3511,1
3512,2
3513,1
3514,2
3515,2
3516,2
3517,1
3518,1
3519,2
3520,2
3521,2
3522,1
3523,1
3524,2
3525,2
3526,2
3527,2
3528,2
3529,1
3530,2
3531,1
3532,2
3533,1
3534,1
3535,2
3536,2
3537,2
3538,1
3539,2
3540,1
3541,2
3542,1
3543,2
3544,2
3545,2
3546,1
3547,1
3548,1
3549,2
3550,2
3551,1
3552,1
3553,2
3554,1
3555,2
3556,2
3557,1
3558,2
3559,1
3560,2
3561,1
3562,2
3563,1
3564,2
3565,1
3566,2
3567,2
3568,2
3569,2
3570,1
3571,2
3572,1
3573,2
3574,2
3575,2
3576,2
3577,2
3578,1
3579,2
3580,1
3581,1
3582,1
3583,1
3584,2
3585,1
3586,1
3587,1
3588,2
3589,2
3590,2
3591,2
3592,1
3593,2
3594,2
3595,1
3596,1
3597,2
3598,1
3599,2
3600,2
3601,2
3602,2
3603,2
3604,2
3605,2
3606,1
3607,1
3608,1
3609,2
3610,1
3611,2
3612,1
3613,1
3614,2
3615,2
3616,1
3617,2
3618,2
3619,2
3620,2
3621,2
3622,1
3623,1
3624,1
3625,1
3626,1
3627,1
3628,1
3629,2
3630,1
3631,2
3632,2
3633,2
3634,2
3635,1
3636,1
3637,1
3638,1
3639,2
3640,2
3641,2
3642,2
3643,1
3644,2
3645,1
3646,2
3647,1
3648,1
3649,1
3650,1
3651,2
3652,2
3653,1
3654,2
3655,2
3656,2
3657,2
3658,1
3659,1
3660,1
3661,1
3662,2
3663,1
3664,1
3665,2
3666,1
3667,1
3668,1
3669,2
3670,1
3671,2
3672,2
3673,2
3674,2
3675,1
3676,1
3677,1
3678,1
3679,2
3680,1
3681,1
3682,1
3683,1
3684,2
3685,2
3686,2
3687,1
3688,2
3689,1
3690,1
3691,1
3692,2
3693,1
3694,1
3695,2
3696,2
3697,2
3698,1
3699,1
3700,1
3701,1
3702,1
3703,1
3704,2
3705,2
3706,1
3707,1
3708,2
3709,2
3710,2
3711,2
3712,2
3713,2
3714,2
3715,1
3716,1
3717,1
3718,1
3719,2
3720,2
3721,2
3722,1
3723,1
3724,1
3725,1
3726,2
3727,2
3728,2
3729,1
3730,1
3731,1
3732,1
3733,1
3734,1
3735,2
3736,1
3737,1
3738,1
3739,2
3740,2
3741,2
3742,1
3743,2
3744,2
3745,1
3746,2
3747,2
3748,2
3749,2
3750,1
3751,1
3752,2
3753,1
3754,1
3755,2
3756,1
3757,1
3758,1
3759,2
3760,1
3761,1
3762,1
3763,1
3764,2
3765,1
3766,1
3767,1
3768,1
3769,2
3770,2
3771,2
3772,2
3773,1
3774,2
3775,2
3776,2
3777,1
3778,2
3779,2
3780,1
3781,2
3782,2
3783,2
3784,1
3785,2
3786,1
3787,2
3788,2
3789,2
3790,1
3791,1
3792,2
3793,2
3794,2
3795,2
3796,2
3797,2
3798,1
3799,2
3800,1
3801,1
3802,1
3803,1
3804,2
3805,1
3806,2
3807,2
3808,2
3809,2
3810,1
3811,2
3812,2
3813,1
3814,2
3815,2
3816,1
3817,1
3818,2
3819,1
3820,2
3821,1
3822,1
3823,2
3824,2
3825,2
3826,1
3827,2
3828,1
3829,2
3830,1
3831,1
3832,1
3833,2
3834,2
3835,1
3836,2
3837,1
3838,1
3839,2
3840,2
3841,2
3842,1
3843,2
3844,2
3845,1
3846,1
3847,1
3848,1
3849,2
3850,1
3851,1
3852,2
3853,2
3854,2
3855,1
3856,1
3857,1
3858,2
3859,2
3860,2
3861,1
3862,2
3863,1
3864,2
3865,1
3866,2
3867,2
3868,1
3869,2
3870,1
3871,1
3872,1
3873,1
3874,2
3875,1
3876,2
3877,1
3878,2
3879,1
3880,1
3881,1
3882,1
3883,2
3884,2
3885,2
3886,1
3887,1
3888,2
3889,2
3890,1
3891,2
3892,1
3893,1
3894,2
3895,1
3896,2
3897,1
3898,2
3899,2
3900,2
3901,1
3902,2
3903,1
3904,2
3905,2
3906,2
3907,2
3908,1
3909,1
3910,2
3911,2
3912,1
3913,2
3914,1
3915,1
3916,2
3917,1
3918,1
3919,1
3920,1
3921,2
3922,1
3923,2
3924,2
3925,2
3926,1
3927,1
3928,1
3929,2
3930,1
3931,2
3932,2
3933,2
3934,1
3935,2
3936,1
3937,2
3938,1
3939,2
3940,1
3941,2
3942,2
3943,2
3944,2
3945,2
3946,1
3947,2
3948,1
3949,1
3950,2
3951,1
3952,1
3953,2
3954,1
3955,1
3956,1
3957,1
3958,2
3959,2
3960,1
3961,1
3962,2
3963,1
3964,2
3965,2
3966,1
3967,2
3968,1
3969,1
3970,2
3971,1
3972,1
3973,2
3974,1
3975,1
3976,1
3977,1
3978,2
3979,2
3980,1
3981,2
3982,1
3983,2
3984,2
3985,1
3986,1
3987,1
3988,2
3989,2
3990,1
3991,2
3992,2
3993,2
3994,1
3995,2
3996,1
3997,1
3998,1
3999,1
4000,1
4001,2
4002,1
4003,1
4004,2
4005,2
4006,1
4007,1
4008,2
4009,1
4010,2
4011,1
4012,2
4013,2
4014,2
4015,2
4016,1
4017,1
4018,2
4019,1
4020,1
4021,1
4022,1
4023,2
4024,2
4025,1
4026,1
4027,1
4028,1
4029,2
4030,1
4031,2
4032,1
4033,2
4034,1
4035,1
4036,1
4037,2
4038,2
4039,2
4040,1
4041,1
4042,2
4043,2
4044,2
4045,2
4046,1
4047,1
4048,2
4049,1
4050,2
4051,1
4052,2
4053,2
4054,1
4055,1
4056,2
4057,1
4058,1
4059,2
4060,2
4061,1
4062,1
4063,2
4064,1
4065,2
4066,1
4067,2
4068,1
4069,2
4070,1
4071,1
4072,2
4073,2
4074,1
4075,1
4076,2
4077,1
4078,1
4079,2
4080,2
4081,1
4082,1
4083,2
4084,2
4085,1
4086,2
4087,1
4088,1
4089,1
4090,2
4091,2
4092,1
4093,2
4094,1
4095,1
4096,1
4097,2
4098,2
4099,1
4100,1
4101,1
4102,2
4103,1
4104,2
4105,2
4106,2
4107,2
4108,1
4109,1
4110,1
4111,1
4112,1
4113,2
4114,2
4115,1
4116,2
4117,2
4118,2
4119,1
4120,2
4121,1
4122,1
4123,1
4124,2
4125,1
4126,1
4127,2
4128,1
4129,1
4130,2
4131,2
4132,1
4133,2
4134,1
4135,1
4136,2
4137,2
4138,1
4139,1
4140,1
4141,2
4142,2
4143,1
4144,1
4145,2
4146,2
4147,1
4148,2
4149,2
4150,1
4151,1
4152,2
4153,1
4154,1
4155,2
4156,2
4157,1
4158,1
4159,1
4160,1
4161,1
4162,1
4163,1
4164,1
4165,2
4166,1
4167,2
4168,2
4169,1
4170,2
4171,2
4172,1
4173,2
4174,1
4175,2
4176,1
4177,2
4178,2
4179,1
4180,2
4181,1
4182,1
4183,1
4184,2
4185,1
4186,2
4187,2
4188,1
4189,1
4190,2
4191,1
4192,1
4193,1
4194,1
4195,2
4196,2
4197,2
4198,1
4199,2
4200,1
4201,1
4202,2
4203,1
4204,2
4205,2
4206,2
4207,1
4208,1
4209,2
4210,2
4211,2
4212,1
4213,2
4214,1
4215,1
4216,1
4217,1
4218,2
4219,1
4220,2
4221,2
4222,2
4223,2
4224,1
4225,1
4226,2
4227,2
4228,1
4229,2
4230,2
4231,1
4232,2
4233,2
4234,1
4235,2
4236,2
4237,2
4238,2
4239,1
4240,2
4241,1
4242,2
4243,1
4244,1
4245,2
4246,2
4247,1
4248,2
4249,1
4250,2
4251,2
4252,1
4253,2
4254,2
4255,1
4256,2
4257,1
4258,1
4259,2
4260,2
4261,1
4262,1
4263,2
4264,2
4265,1
4266,2
4267,1
4268,1
4269,2
4270,1
4271,1
4272,1
4273,2
4274,1
4275,1
4276,2
4277,1
4278,2
4279,2
4280,2
4281,1
4282,1
4283,2
4284,2
4285,1
4286,1
4287,1
4288,1
4289,1
4290,1
4291,1
4292,2
4293,2
4294,2
4295,1
4296,1
4297,2
4298,2
4299,1
4300,2
4301,2
4302,2
4303,2
4304,2
4305,1
4306,1
4307,1
4308,1
4309,2
4310,1
4311,2
4312,1
4313,1
4314,1
4315,2
4316,2
4317,1
4318,2
4319,2
4320,1
4321,1
4322,1
4323,2
4324,1
4325,1
4326,1
4327,1
4328,1
4329,2
4330,1
4331,2
4332,1
4333,2
4334,1
4335,1
4336,2
4337,1
4338,2
4339,1
4340,2
4341,2
4342,1
4343,1
4344,1
4345,1
4346,1
4347,2
4348,2
4349,2
4350,2
4351,1
4352,1
4353,2
4354,1
4355,1
4356,1
4357,1
4358,1
4359,2
4360,2
4361,1
4362,2
4363,1
4364,2
4365,1
4366,1
4367,2
4368,2
4369,2
4370,2
4371,2
4372,1
4373,2
4374,1
4375,1
4376,1
4377,1
4378,1
4379,1
4380,2
4381,1
4382,1
4383,2
4384,1
4385,2
4386,2
4387,2
4388,1
4389,2
4390,1
4391,1
4392,1
4393,2
4394,2
4395,2
4396,2
4397,2
4398,1
4399,2
4400,2
4401,2
4402,2
4403,1
4404,1
4405,1
4406,2
4407,2
4408,2
4409,2
4410,1
4411,2
4412,2
4413,1
4414,1
4415,2
4416,2
4417,2
4418,1
4419,2
4420,1
4421,2
4422,2
4423,2
4424,1
4425,2
4426,2
4427,2
4428,1
4429,1
4430,2
4431,2
4432,2
4433,2
4434,2
4435,1
4436,2
4437,1
4438,1
4439,1
4440,1
4441,2
4442,1
4443,2
4444,1
4445,2
4446,1
4447,1
4448,1
4449,1
4450,2
4451,2
4452,1
4453,2
4454,1
4455,1
4456,2
4457,2
4458,1
4459,1
4460,1
4461,1
4462,2
4463,2
4464,2
4465,1
4466,1
4467,1
4468,2
4469,2
4470,2
4471,1
4472,1
4473,2
4474,1
4475,1
4476,2
4477,2
4478,1
4479,1
4480,2
4481,2
4482,1
4483,2
4484,2
4485,1
4486,1
4487,1
4488,1
4489,2
4490,1
4491,2
4492,1
4493,2
4494,2
4495,2
4496,2
4497,1
4498,1
4499,2
4500,1
4501,2
4502,2
4503,2
4504,2
4505,1
4506,1
4507,2
4508,2
4509,1
4510,1
4511,2
4512,2
4513,1
4514,1
4515,2
4516,1
4517,1
4518,2
4519,2
4520,2
4521,2
4522,1
4523,2
4524,2
4525,2
4526,2
4527,1
4528,1
4529,2
4530,1
4531,1
4532,2
4533,2
4534,1
4535,1
4536,2
4537,1
4538,2
4539,1
4540,1
4541,1
4542,1
4543,1
4544,2
4545,1
4546,2
4547,1
4548,2
4549,1
4550,1
4551,1
4552,2
4553,2
4554,1
4555,2
4556,1
4557,2
4558,2
4559,2
4560,1
4561,1
4562,1
4563,2
4564,2
4565,1
4566,1
4567,2
4568,1
4569,2
4570,2
4571,2
4572,1
4573,2
4574,1
4575,1
4576,2
4577,1
4578,1
4579,2
4580,1
4581,1
4582,1
4583,2
4584,2
4585,1
4586,2
4587,2
4588,2
4589,1
4590,2
4591,2
4592,2
4593,1
4594,2
4595,2
4596,1
4597,1
4598,2
4599,1
4600,1
4601,2
4602,1
4603,2
4604,2
4605,1
4606,2
4607,1
4608,1
4609,1
4610,1
4611,2
4612,1
4613,2
4614,2
4615,1
4616,2
4617,2
4618,1
4619,1
4620,1
4621,1
4622,1
4623,1
4624,2
4625,1
4626,2
4627,2
4628,2
4629,2
4630,2
4631,1
4632,1
4633,2
4634,1
4635,2
4636,1
4637,2
4638,1
4639,2
4640,2
4641,1
4642,2
4643,2
4644,2
4645,2
4646,2
4647,1
4648,2
4649,1
4650,1
4651,2
4652,2
4653,1
4654,2
4655,2
4656,1
4657,1
4658,1
4659,1
4660,2
4661,2
4662,1
4663,1
4664,1
4665,1
4666,2
4667,1
4668,2
4669,2
4670,2
4671,1
4672,1
4673,1
4674,1
4675,1
4676,1
4677,1
4678,2
4679,1
4680,2
4681,2
4682,1
4683,1
4684,1
4685,2
4686,1
4687,2
4688,1
4689,2
4690,1
4691,2
4692,1
4693,2
4694,2
4695,2
4696,1
4697,1
4698,1
4699,2
4700,2
4701,2
4702,1
4703,1
4704,1
4705,1
4706,2
4707,1
4708,2
4709,1
4710,2
4711,2
4712,2
4713,2
4714,2
4715,1
4716,2
4717,2
4718,2
4719,1
4720,1
4721,2
4722,1
4723,2
4724,2
4725,2
4726,1
4727,2
4728,1
4729,1
4730,2
4731,1
4732,1
4733,2
4734,2
4735,2
4736,1
4737,2
4738,2
4739,2
4740,2
4741,1
4742,1
4743,1
4744,1
4745,2
4746,1
4747,1
4748,1
4749,2
4750,2
4751,2
4752,1
4753,1
4754,2
4755,1
4756,2
4757,2
4758,2
4759,1
4760,1
4761,1
4762,1
4763,2
4764,2
4765,2
4766,2
4767,2
4768,1
4769,1
4770,1
4771,1
4772,1
4773,2
4774,1
4775,1
4776,1
4777,2
4778,1
4779,2
4780,1
4781,2
4782,1
4783,2
4784,2
4785,2
4786,2
4787,1
4788,2
4789,1
4790,1
4791,1
4792,2
4793,1
4794,1
4795,2
4796,2
4797,1
4798,2
4799,1
4800,1
4801,1
4802,1
4803,1
4804,2
4805,1
4806,1
4807,1
4808,2
4809,2
4810,2
4811,2
4812,1
4813,2
4814,1
4815,1
4816,2
4817,2
4818,2
4819,1
4820,1
4821,1
4822,1
4823,2
4824,1
4825,2
4826,1
4827,2
4828,2
4829,1
4830,1
4831,2
4832,2
4833,1
4834,2
4835,2
4836,1
4837,1
4838,2
4839,1
4840,1
4841,1
4842,1
4843,2
4844,1
4845,2
4846,1
4847,2
4848,1
4849,2
4850,1
4851,1
4852,1
4853,2
4854,2
4855,2
4856,2
4857,1
4858,2
4859,1
4860,1
4861,2
4862,2
4863,2
4864,2
4865,1
4866,2
4867,1
4868,2
4869,1
4870,2
4871,2
4872,2
4873,1
4874,1
4875,2
4876,2
4877,2
4878,1
4879,1
4880,2
4881,1
4882,1
4883,1
4884,1
4885,2
4886,1
4887,2
4888,1
4889,2
4890,1
4891,1
4892,2
4893,2
4894,2
4895,2
4896,1
4897,2
4898,2
4899,1
4900,1
4901,2
4902,2
4903,2
4904,1
4905,2
4906,2
4907,1
4908,1
4909,1
4910,1
4911,2
4912,1
4913,1
4914,1
4915,1
4916,1
4917,2
4918,2
4919,1
4920,1
4921,2
4922,1
4923,2
4924,2
4925,1
4926,2
4927,2
4928,2
4929,1
4930,2
4931,1
4932,2
4933,2
4934,2
4935,1
4936,1
4937,2
4938,2
4939,1
4940,2
4941,1
4942,2
4943,1
4944,2
4945,2
4946,2
4947,2
4948,2
4949,2
4950,2
4951,2
4952,2
4953,2
4954,2
4955,2
4956,2
4957,2
4958,1
4959,2
4960,2
4961,2
4962,2
4963,1
4964,2
4965,2
4966,1
4967,1
4968,1
4969,1
4970,2
4971,2
4972,1
4973,1
4974,2
4975,2
4976,2
4977,2
4978,2
4979,2
4980,2
4981,2
4982,1
4983,2
4984,2
4985,2
4986,1
4987,1
4988,2
4989,2
4990,2
4991,2
4992,2
4993,1
4994,1
4995,2
4996,2
4997,1
4998,1
4999,2
5000,1
5001,2
5002,2
5003,2
5004,2
5005,1
5006,1
5007,2
5008,1
5009,2
5010,1
5011,2
5012,1
5013,1
5014,2
5015,1
5016,1
5017,2
5018,1
5019,2
5020,1
5021,1
5022,2
5023,2
5024,2
5025,2
5026,2
5027,2
5028,1
5029,2
5030,2
5031,2
5032,1
5033,1
5034,1
5035,1
5036,1
5037,2
5038,1
5039,1
5040,1
5041,1
5042,2
5043,1
5044,2
5045,1
5046,2
5047,1
5048,2
5049,2
5050,1
5051,1
5052,1
5053,1
5054,2
5055,2
5056,1
5057,2
5058,1
5059,1
5060,2
5061,2
5062,1
5063,2
5064,1
5065,1
5066,1
5067,1
5068,2
5069,2
5070,2
5071,1
5072,1
5073,2
5074,1
5075,2
5076,2
5077,1
5078,2
5079,1
5080,2
5081,1
5082,1
5083,1
5084,1
5085,2
5086,2
5087,2
5088,1
5089,2
5090,2
5091,2
5092,1
5093,1
5094,1
5095,2
5096,1
5097,1
5098,2
5099,1
5100,2
5101,2
5102,1
5103,2
5104,1
5105,2
5106,1
5107,2
5108,1
5109,2
5110,1
5111,2
5112,1
5113,1
5114,1
5115,1
5116,2
5117,1
5118,2
5119,2
5120,2
5121,1
5122,2
5123,1
5124,2
5125,1
5126,1
5127,1
5128,2
5129,1
5130,2
5131,1
5132,2
5133,1
5134,1
5135,2
5136,2
5137,2
5138,2
5139,2
5140,2
5141,2
5142,2
5143,2
5144,2
5145,1
5146,1
5147,2
5148,1
5149,1
5150,2
5151,2
5152,2
5153,2
5154,1
5155,1
5156,1
5157,2
5158,1
5159,1
5160,1
5161,1
5162,2
5163,1
5164,2
5165,1
5166,1
5167,2
5168,1
5169,1
5170,1
5171,1
5172,1
5173,1
5174,2
5175,2
5176,1
5177,1
5178,2
5179,1
5180,2
5181,2
5182,2
5183,1
5184,2
5185,2
5186,1
5187,2
5188,2
5189,2
5190,1
5191,1
5192,1
5193,1
5194,2
5195,2
5196,2
5197,2
5198,1
5199,1
5200,2
5201,1
5202,2
5203,1
5204,2
5205,2
5206,1
5207,2
5208,2
5209,1
5210,1
5211,1
5212,2
5213,1
5214,1
5215,1
5216,1
5217,2
5218,2
5219,2
5220,1
5221,2
5222,2
5223,2
5224,2
5225,1
5226,2
5227,2
5228,1
5229,2
5230,1
5231,1
5232,2
5233,1
5234,1
5235,2
5236,2
5237,1
5238,2
5239,2
5240,1
5241,2
5242,1
5243,1
5244,2
5245,1
5246,2
5247,1
5248,2
5249,2
5250,2
5251,1
5252,1
5253,2
5254,1
5255,2
5256,1
5257,1
5258,1
5259,1
5260,1
5261,1
5262,2
5263,2
5264,2
5265,1
5266,1
5267,2
5268,2
5269,1
5270,2
5271,1
5272,2
5273,2
5274,1
5275,1
5276,2
5277,2
5278,1
5279,2
5280,2
5281,2
5282,1
5283,2
5284,1
5285,2
5286,2
5287,1
5288,1
5289,2
5290,2
5291,2
5292,2
5293,1
5294,2
5295,2
5296,2
5297,2
5298,2
5299,1
5300,1
5301,2
5302,1
5303,2
5304,2
5305,1
5306,2
5307,1
5308,2
5309,2
5310,1
5311,2
5312,1
5313,2
5314,1
5315,2
5316,2
5317,1
5318,1
5319,1
5320,2
5321,1
5322,1
5323,2
5324,1
5325,1
5326,2
5327,2
5328,2
5329,2
5330,1
5331,2
5332,2
5333,1
5334,1
5335,2
5336,2
5337,1
5338,2
5339,1
5340,1
5341,2
5342,2
5343,1
5344,1
5345,2
5346,2
5347,2
5348,2
5349,2
5350,2
5351,2
5352,2
5353,2
5354,2
5355,2
5356,2
5357,2
5358,2
5359,2
5360,2
5361,1
5362,2
5363,1
5364,2
5365,2
5366,2
5367,1
5368,2
5369,2
5370,1
5371,2
5372,1
5373,2
5374,2
5375,1
5376,1
5377,1
5378,1
5379,1
5380,1
5381,1
5382,1
5383,2
5384,1
5385,2
5386,2
5387,2
5388,1
5389,1
5390,1
5391,1
5392,2
5393,2
5394,1
5395,2
5396,2
5397,1
5398,2
5399,1
5400,1
5401,1
5402,1
5403,2
5404,1
5405,1
5406,1
5407,2
5408,2
5409,2
5410,1
5411,1
5412,1
5413,2
5414,2
5415,1
5416,1
5417,1
5418,2
5419,1
5420,1
5421,2
5422,2
5423,1
5424,1
5425,1
5426,1
5427,2
5428,2
5429,2
5430,2
5431,2
5432,1
5433,2
5434,2
5435,2
5436,2
5437,2
5438,1
5439,1
5440,1
5441,1
5442,1
5443,2
5444,2
5445,1
5446,2
5447,1
5448,2
5449,1
5450,1
5451,2
5452,2
5453,1
5454,1
5455,1
5456,2
5457,2
5458,1
5459,2
5460,2
5461,1
5462,1
5463,2
5464,1
5465,1
5466,1
5467,2
5468,1
5469,2
5470,2
5471,2
5472,2
5473,2
5474,1
5475,2
5476,1
5477,1
5478,1
5479,2
5480,1
5481,2
5482,1
5483,2
5484,1
5485,2
5486,2
5487,2
5488,2
5489,2
5490,1
5491,2
5492,2
5493,2
5494,1
5495,1
5496,1
5497,2
5498,2
5499,1
5500,2
5501,1
5502,1
5503,2
5504,2
5505,2
5506,1
5507,1
5508,1
5509,2
5510,1
5511,2
5512,2
5513,2
5514,1
5515,1
5516,2
5517,2
5518,2
5519,2
5520,2
5521,2
5522,1
5523,2
5524,2
5525,1
5526,1
5527,1
5528,2
5529,2
5530,2
5531,2
5532,2
5533,2
5534,2
5535,2
5536,1
5537,2
5538,2
5539,1
5540,1
5541,1
5542,1
5543,1
5544,1
5545,2
5546,2
5547,2
5548,1
5549,1
5550,1
5551,1
5552,1
5553,1
5554,2
5555,2
5556,2
5557,1
5558,2
5559,2
5560,2
5561,2
5562,2
5563,1
5564,2
5565,2
5566,2
5567,1
5568,1
5569,1
5570,2
5571,2
5572,2
5573,1
5574,1
5575,2
5576,1
5577,2
5578,1
5579,1
5580,2
5581,2
5582,1
5583,1
5584,1
5585,2
5586,1
5587,1
5588,1
5589,1
5590,1
5591,1
5592,2
5593,2
5594,2
5595,2
5596,2
5597,2
5598,1
5599,1
5600,1
5601,1
5602,2
5603,2
5604,1
5605,2
5606,2
5607,2
5608,2
5609,2
5610,1
5611,2
5612,1
5613,2
5614,1
5615,2
5616,2
5617,2
5618,2
5619,2
5620,2
5621,2
5622,1
5623,2
5624,1
5625,1
5626,1
5627,1
5628,1
5629,2
5630,2
5631,1
5632,1
5633,1
5634,1
5635,1
5636,2
5637,2
5638,1
5639,1
5640,1
5641,2
5642,2
5643,1
5644,1
5645,1
5646,2
5647,2
5648,1
5649,2
5650,2
5651,2
5652,2
5653,2
5654,2
5655,1
5656,1
5657,1
5658,1
5659,1
5660,2
5661,2
5662,1
5663,2
5664,1
5665,1
5666,2
5667,2
5668,2
5669,1
5670,1
5671,1
5672,2
5673,1
5674,2
5675,2
5676,1
5677,1
5678,2
5679,2
5680,1
5681,1
5682,1
5683,2
5684,2
5685,1
5686,2
5687,1
5688,1
5689,1
5690,2
5691,1
5692,1
5693,1
5694,1
5695,2
5696,1
5697,2
5698,1
5699,1
5700,1
5701,1
5702,2
5703,2
5704,2
5705,1
5706,2
5707,2
5708,1
5709,1
5710,2
5711,1
5712,2
5713,2
5714,2
5715,2
5716,2
5717,2
5718,2
5719,2
5720,2
5721,2
5722,1
5723,1
5724,1
5725,1
5726,1
5727,1
5728,1
5729,2
5730,1
5731,1
5732,2
5733,2
5734,1
5735,1
5736,2
5737,1
5738,1
5739,2
5740,1
5741,2
5742,1
5743,2
5744,1
5745,2
5746,2
5747,2
5748,2
5749,2
5750,1
5751,2
5752,2
5753,1
5754,1
5755,2
5756,1
5757,1
5758,2
5759,2
5760,2
5761,2
5762,2
5763,1
5764,2
5765,2
5766,2
5767,1
5768,1
5769,2
5770,2
5771,2
5772,2
5773,1
5774,1
5775,2
5776,2
5777,1
5778,1
5779,1
5780,2
5781,2
5782,1
5783,2
5784,2
5785,1
5786,1
5787,2
5788,1
5789,2
5790,1
5791,2
5792,1
5793,2
5794,2
5795,2
5796,1
5797,2
5798,1
5799,2
5800,2
5801,1
5802,2
5803,2
5804,1
5805,2
5806,1
5807,2
5808,1
5809,2
5810,1
5811,1
5812,1
5813,2
5814,1
5815,2
5816,2
5817,2
5818,1
5819,1
5820,1
5821,2
5822,2
5823,2
5824,2
5825,2
5826,1
5827,1
5828,1
5829,2
5830,1
5831,2
5832,1
5833,1
5834,2
5835,2
5836,1
5837,1
5838,2
5839,2
5840,1
5841,2
5842,2
5843,2
5844,2
5845,2
5846,1
5847,1
5848,2
5849,2
5850,2
5851,1
5852,2
5853,1
5854,1
5855,1
5856,1
5857,1
5858,2
5859,2
5860,1
5861,2
5862,2
5863,2
5864,2
5865,2
5866,1
5867,1
5868,2
5869,2
5870,1
5871,2
5872,2
5873,2
5874,1
5875,2
5876,2
5877,2
5878,1
5879,1
5880,1
5881,1
5882,1
5883,2
5884,1
5885,2
5886,1
5887,2
5888,1
5889,2
5890,2
5891,1
5892,1
5893,1
5894,1
5895,1
5896,2
5897,1
5898,2
5899,1
5900,1
5901,1
5902,2
5903,1
5904,1
5905,1
5906,2
5907,1
5908,1
5909,2
5910,1
5911,1
5912,1
5913,1
5914,2
5915,1
5916,2
5917,2
5918,2
5919,2
5920,2
5921,2
5922,1
5923,2
5924,1
5925,2
5926,2
5927,2
5928,1
5929,2
5930,2
5931,2
5932,1
5933,1
5934,2
5935,1
5936,1
5937,2
5938,1
5939,1
5940,1
5941,2
5942,1
5943,2
5944,1
5945,1
5946,1
5947,2
5948,1
5949,2
5950,2
5951,2
5952,1
5953,1
5954,2
5955,1
5956,1
5957,2
5958,1
5959,1
5960,1
5961,2
5962,1
5963,2
5964,1
5965,1
5966,2
5967,1
5968,2
5969,2
5970,2
5971,1
5972,2
5973,1
5974,1
5975,1
5976,2
5977,2
5978,1
5979,1
5980,2
5981,1
5982,2
5983,1
5984,1
5985,1
5986,1
5987,1
5988,1
5989,1
5990,2
5991,1
5992,2
5993,2
5994,2
5995,2
5996,1
5997,2
5998,2
5999,1
6000,2
6001,2
6002,2
6003,2
6004,1
6005,1
6006,2
6007,1
6008,2
6009,1
6010,1
6011,2
6012,1
6013,2
6014,1
6015,2
6016,1
6017,1
6018,1
6019,1
6020,1
6021,2
6022,1
6023,1
6024,1
6025,2
6026,2
6027,1
6028,2
6029,1
6030,2
6031,1
6032,1
6033,2
6034,1
6035,1
6036,2
6037,2
6038,2
6039,1
6040,2
