"Method","Embedding file","Embedding dimension","Number of clusters (k)","Reduced dimension (q)","Tuning parameter (nu)","Runtime (seconds)","Average silhouette width","Calinski-Harabasz index","Probability silhouette","Within-cluster sum of squares","Status"
"KMeans","user_embeddings_64",64,2,NA,NA,3.5763,0.2372,132.2814,NA,378210.1179,"ok"
"KMeans","user_embeddings_64",64,3,NA,NA,4.3777,0.1554,111.4703,NA,372731.383,"ok"
"KMeans","user_embeddings_64",64,4,NA,NA,7.3537,-0.0108,96.9575,NA,368727.1789,"ok"
"KMeans","user_embeddings_64",64,5,NA,NA,9.7987,-0.0104,85.1099,NA,365857.6506,"ok"
"KMeans","user_embeddings_64",64,6,NA,NA,11.6432,-0.0208,76.3926,NA,363486.6503,"ok"
"KMeans","user_embeddings_64",64,7,NA,NA,13.538,0.0371,70.1705,NA,361283.255,"ok"
"KMeans","user_embeddings_64",64,8,NA,NA,16.4648,0.0111,64.7092,NA,359499.8866,"ok"
"KMeans","user_embeddings_128",128,2,NA,NA,5.9505,0.3286,139.5118,NA,755534.8925,"ok"
"KMeans","user_embeddings_128",128,3,NA,NA,8.7329,0.2177,113.0191,NA,745094.0919,"ok"
"KMeans","user_embeddings_128",128,4,NA,NA,12.7168,-0.0098,91.2106,NA,739469.3989,"ok"
"KMeans","user_embeddings_128",128,5,NA,NA,17.2769,0.1951,79.2082,NA,734434.7607,"ok"
"KMeans","user_embeddings_128",128,6,NA,NA,23.2584,-0.0222,70.7889,NA,730161.9288,"ok"
"KMeans","user_embeddings_128",128,7,NA,NA,27.1013,-0.0017,63.1289,NA,727327.764,"ok"
"KMeans","user_embeddings_128",128,8,NA,NA,31.847,-0.0031,57.4693,NA,724662.9462,"ok"
"KMeans","user_embeddings_256",256,2,NA,NA,14.0304,0.2868,111.2408,NA,1518016.8855,"ok"
"KMeans","user_embeddings_256",256,3,NA,NA,18.4895,0.1731,91.7409,NA,1500383.058,"ok"
"KMeans","user_embeddings_256",256,4,NA,NA,23.4549,0.0256,74.7742,NA,1490587.6381,"ok"
"KMeans","user_embeddings_256",256,5,NA,NA,29.618,0.1422,64.847,NA,1482274.9601,"ok"
"KMeans","user_embeddings_256",256,6,NA,NA,36.9473,0.0533,57.0615,NA,1476185.1077,"ok"
"KMeans","user_embeddings_256",256,7,NA,NA,46.1187,-0.009,50.8743,NA,1471530.3568,"ok"
"KMeans","user_embeddings_256",256,8,NA,NA,57.2581,0.0904,46.0358,NA,1467580.7692,"ok"
"PD","user_embeddings_64",64,2,NA,NA,0.2873,0.0028,10.1369,0.0933,NA,"ok"
"PD","user_embeddings_64",64,3,NA,NA,0.3956,-0.0038,2.3371,0.0366,NA,"ok"
"PD","user_embeddings_64",64,4,NA,NA,0.5144,-0.0077,4.2748,0.0374,NA,"ok"
"PD","user_embeddings_64",64,5,NA,NA,0.6544,-0.008,2.4682,0.0256,NA,"ok"
"PD","user_embeddings_64",64,6,NA,NA,0.6801,-0.0189,2.9134,0.0208,NA,"ok"
"PD","user_embeddings_64",64,7,NA,NA,1.1302,-0.0338,2.0373,0.0172,NA,"ok"
"PD","user_embeddings_64",64,8,NA,NA,1.0699,-0.0412,2.2874,0.0185,NA,"ok"
"PD","user_embeddings_128",128,2,NA,NA,0.1842,-1e-04,0.92,0.068,NA,"ok"
"PD","user_embeddings_128",128,3,NA,NA,0.3676,-0.0023,1.1573,0.0314,NA,"ok"
"PD","user_embeddings_128",128,4,NA,NA,0.4788,-0.0078,1.0594,0.0283,NA,"ok"
"PD","user_embeddings_128",128,5,NA,NA,0.5803,-0.0034,1.0038,0.0233,NA,"ok"
"PD","user_embeddings_128",128,6,NA,NA,0.6565,-0.0183,1.1625,0.0178,NA,"ok"
"PD","user_embeddings_128",128,7,NA,NA,0.6947,-0.0127,1.0092,0.0179,NA,"ok"
"PD","user_embeddings_128",128,8,NA,NA,0.8028,-0.0333,1.1206,0.0135,NA,"ok"
"PD","user_embeddings_256",256,2,NA,NA,0.2588,0,1.0661,0.0622,NA,"ok"
"PD","user_embeddings_256",256,3,NA,NA,0.8689,-0.0037,1.0011,0.029,NA,"ok"
"PD","user_embeddings_256",256,4,NA,NA,0.6262,-0.0052,0.9255,0.0176,NA,"ok"
"PD","user_embeddings_256",256,5,NA,NA,0.7247,-0.0211,1.0642,0.0203,NA,"ok"
"PD","user_embeddings_256",256,6,NA,NA,0.8484,-0.0125,1.015,0.0163,NA,"ok"
"PD","user_embeddings_256",256,7,NA,NA,0.9216,-0.0169,0.958,0.0136,NA,"ok"
"PD","user_embeddings_256",256,8,NA,NA,1.0466,-0.0163,0.8889,0.009,NA,"ok"
"RKM","user_embeddings_64",64,2,2,NA,278.8994,0.2351,132.2905,NA,NA,"ok"
"RKM","user_embeddings_64",64,2,3,NA,305.4829,0.2314,132.2928,NA,NA,"ok"
"RKM","user_embeddings_64",64,2,4,NA,318.6255,0.2323,132.2964,NA,NA,"ok"
"RKM","user_embeddings_64",64,2,5,NA,340.7442,0.2321,132.306,NA,NA,"ok"
"RKM","user_embeddings_64",64,3,2,NA,298.5606,0.1524,111.487,NA,NA,"ok"
"RKM","user_embeddings_64",64,3,3,NA,313.9932,0.1509,111.4929,NA,NA,"ok"
"RKM","user_embeddings_64",64,3,4,NA,341.7347,0.1543,111.4937,NA,NA,"ok"
"RKM","user_embeddings_64",64,3,5,NA,370.5452,0.1545,111.4774,NA,NA,"ok"
"RKM","user_embeddings_64",64,4,2,NA,759.255,-0.0107,96.5603,NA,NA,"ok"
"RKM","user_embeddings_64",64,4,3,NA,714.0378,-0.0112,96.9329,NA,NA,"ok"
"RKM","user_embeddings_64",64,4,4,NA,723.8127,-0.0102,96.9371,NA,NA,"ok"
"RKM","user_embeddings_64",64,4,5,NA,831.785,-0.0114,96.9621,NA,NA,"ok"
"RKM","user_embeddings_64",64,5,2,NA,773.6427,0.0522,81.6282,NA,NA,"ok"
"RKM","user_embeddings_64",64,5,3,NA,1083.506,-0.0122,84.8734,NA,NA,"ok"
"RKM","user_embeddings_64",64,5,4,NA,867.2349,-0.0115,85.1944,NA,NA,"ok"
"RKM","user_embeddings_64",64,5,5,NA,959.5407,-0.0114,85.2323,NA,NA,"ok"
"RKM","user_embeddings_64",64,6,2,NA,800.8167,0.0563,71.8059,NA,NA,"ok"
"RKM","user_embeddings_64",64,6,3,NA,1233.8086,0.0389,75.032,NA,NA,"ok"
"RKM","user_embeddings_64",64,6,4,NA,1092.0959,-0.0211,76.3859,NA,NA,"ok"
"RKM","user_embeddings_64",64,6,5,NA,981.9826,-0.0184,76.7878,NA,NA,"ok"
"RKM","user_embeddings_64",64,7,2,NA,1424.2589,-0.022,64.3057,NA,NA,"ok"
"RKM","user_embeddings_64",64,7,3,NA,2306.8791,0.0364,68.0035,NA,NA,"ok"
"RKM","user_embeddings_64",64,7,4,NA,1435.2528,0.0207,69.7291,NA,NA,"ok"
"RKM","user_embeddings_64",64,7,5,NA,997.1297,0.0242,70.2059,NA,NA,"ok"
"RKM","user_embeddings_64",64,8,2,NA,1252.8375,-0.0519,58.0567,NA,NA,"ok"
"RKM","user_embeddings_64",64,8,3,NA,1595.3702,0.0277,62.3074,NA,NA,"ok"
"RKM","user_embeddings_64",64,8,4,NA,1064.5082,0.0185,64.2221,NA,NA,"ok"
"RKM","user_embeddings_64",64,8,5,NA,707.8767,-0.0014,64.8297,NA,NA,"ok"
"RKM","user_embeddings_128",128,2,2,NA,165.9477,0.3305,139.5193,NA,NA,"ok"
"RKM","user_embeddings_128",128,2,3,NA,184.3817,0.3305,139.5193,NA,NA,"ok"
"RKM","user_embeddings_128",128,2,4,NA,184.0962,0.3308,139.5192,NA,NA,"ok"
"RKM","user_embeddings_128",128,2,5,NA,201.6674,0.3302,139.5175,NA,NA,"ok"
"RKM","user_embeddings_128",128,3,2,NA,186.8505,0.2166,113.0299,NA,NA,"ok"
"RKM","user_embeddings_128",128,3,3,NA,199.6189,0.213,113.0287,NA,NA,"ok"
"RKM","user_embeddings_128",128,3,4,NA,218.6044,0.2153,113.027,NA,NA,"ok"
"RKM","user_embeddings_128",128,3,5,NA,239.2143,0.2099,113.0268,NA,NA,"ok"
"RKM","user_embeddings_128",128,4,2,NA,448.5389,-0.0124,90.8259,NA,NA,"ok"
"RKM","user_embeddings_128",128,4,3,NA,421.8316,-0.011,91.2682,NA,NA,"ok"
"RKM","user_embeddings_128",128,4,4,NA,452.0203,-0.0088,91.2051,NA,NA,"ok"
"RKM","user_embeddings_128",128,4,5,NA,471.5122,-0.0116,91.2121,NA,NA,"ok"
"RKM","user_embeddings_128",128,5,2,NA,646.9294,0.1361,78.327,NA,NA,"ok"
"RKM","user_embeddings_128",128,5,3,NA,522.9104,0.1302,78.9591,NA,NA,"ok"
"RKM","user_embeddings_128",128,5,4,NA,555.8602,0.1316,79.1935,NA,NA,"ok"
"RKM","user_embeddings_128",128,5,5,NA,628.5934,0.1499,79.2514,NA,NA,"ok"
"RKM","user_embeddings_128",128,6,2,NA,843.1875,0.0898,68.2874,NA,NA,"ok"
"RKM","user_embeddings_128",128,6,3,NA,1254.2549,-0.0192,70.1182,NA,NA,"ok"
"RKM","user_embeddings_128",128,6,4,NA,935.6136,-0.0229,70.8591,NA,NA,"ok"
"RKM","user_embeddings_128",128,6,5,NA,978.8961,-0.0198,71.0125,NA,NA,"ok"
"RKM","user_embeddings_128",128,7,2,NA,1108.9964,0.0865,60.6443,NA,NA,"ok"
"RKM","user_embeddings_128",128,7,3,NA,2274.9534,-0.0367,62.5117,NA,NA,"ok"
"RKM","user_embeddings_128",128,7,4,NA,753.7168,-0.0221,63.4442,NA,NA,"ok"
"RKM","user_embeddings_128",128,7,5,NA,640.249,-0.0306,63.9055,NA,NA,"ok"
"RKM","user_embeddings_128",128,8,2,NA,1169.9446,-0.0459,54.9875,NA,NA,"ok"
"RKM","user_embeddings_128",128,8,3,NA,1874.7152,-0.0422,56.7488,NA,NA,"ok"
"RKM","user_embeddings_128",128,8,4,NA,1570.9577,-0.0508,57.7202,NA,NA,"ok"
"RKM","user_embeddings_128",128,8,5,NA,645.199,-0.0474,58.0839,NA,NA,"ok"
"RKM","user_embeddings_256",256,2,2,NA,214.5224,0.2894,111.2459,NA,NA,"ok"
"RKM","user_embeddings_256",256,2,3,NA,228.5026,0.2894,111.2459,NA,NA,"ok"
"RKM","user_embeddings_256",256,2,4,NA,228.7383,0.2896,111.2483,NA,NA,"ok"
"RKM","user_embeddings_256",256,2,5,NA,257.6439,0.2898,111.2485,NA,NA,"ok"
"RKM","user_embeddings_256",256,3,2,NA,301.5595,0.1781,91.7602,NA,NA,"ok"
"RKM","user_embeddings_256",256,3,3,NA,323.9108,0.18,91.7504,NA,NA,"ok"
"RKM","user_embeddings_256",256,3,4,NA,325.8084,0.1775,91.7504,NA,NA,"ok"
"RKM","user_embeddings_256",256,3,5,NA,333.5604,0.1787,91.7567,NA,NA,"ok"
"RKM","user_embeddings_256",256,4,2,NA,394.8333,0.1508,74.0543,NA,NA,"ok"
"RKM","user_embeddings_256",256,4,3,NA,561.49,0.0198,74.8151,NA,NA,"ok"
"RKM","user_embeddings_256",256,4,4,NA,579.8816,0.032,74.8034,NA,NA,"ok"
"RKM","user_embeddings_256",256,4,5,NA,602.7478,0.0307,74.7948,NA,NA,"ok"
"RKM","user_embeddings_256",256,5,2,NA,865.3507,0.1179,64.122,NA,NA,"ok"
"RKM","user_embeddings_256",256,5,3,NA,553.9056,0.1309,64.7599,NA,NA,"ok"
"RKM","user_embeddings_256",256,5,4,NA,691.45,0.1187,64.9717,NA,NA,"ok"
"RKM","user_embeddings_256",256,5,5,NA,705.9614,0.1188,64.9924,NA,NA,"ok"
"RKM","user_embeddings_256",256,6,2,NA,787.2146,0.1237,56.6111,NA,NA,"ok"
"RKM","user_embeddings_256",256,6,3,NA,1073.7157,0.1125,57.2032,NA,NA,"ok"
"RKM","user_embeddings_256",256,6,4,NA,876.5838,0.1127,57.4085,NA,NA,"ok"
"RKM","user_embeddings_256",256,6,5,NA,644.4816,0.1151,57.53,NA,NA,"ok"
"RKM","user_embeddings_256",256,7,2,NA,1302.6136,-0.028,50.3554,NA,NA,"ok"
"RKM","user_embeddings_256",256,7,3,NA,1850.1888,-0.0215,51.217,NA,NA,"ok"
"RKM","user_embeddings_256",256,7,4,NA,950.0042,-0.0448,51.6699,NA,NA,"ok"
"RKM","user_embeddings_256",256,7,5,NA,724.2056,-0.0441,51.8379,NA,NA,"ok"
"RKM","user_embeddings_256",256,8,2,NA,1721.6534,-0.0316,45.2427,NA,NA,"ok"
"RKM","user_embeddings_256",256,8,3,NA,1925.5131,0.0142,46.4041,NA,NA,"ok"
"RKM","user_embeddings_256",256,8,4,NA,1844.6648,0.0031,46.8726,NA,NA,"ok"
"RKM","user_embeddings_256",256,8,5,NA,1012.6225,0.05,47.3312,NA,NA,"ok"
"FPDC","user_embeddings_64",64,2,2,6,8283.3004,0.0087,51.7807,0.1012,NA,"ok"
"FPDC","user_embeddings_64",64,2,2,10,2809.4465,0.0087,51.7807,0.1012,NA,"ok"
"FPDC","user_embeddings_64",64,2,3,6,323.6337,0.0116,71.6947,0.132,NA,"ok"
"FPDC","user_embeddings_64",64,2,3,10,106.3709,0.0116,71.6929,0.132,NA,"ok"
"FPDC","user_embeddings_64",64,2,4,6,241.7411,0.0118,70.5457,0.1427,NA,"ok"
"FPDC","user_embeddings_64",64,2,4,10,77.7626,0.0117,69.9331,0.1427,NA,"ok"
"FPDC","user_embeddings_64",64,2,5,6,237.6331,0.0104,58.5203,0.1369,NA,"ok"
"FPDC","user_embeddings_64",64,2,5,10,77.0606,0.0102,57.3005,0.1368,NA,"ok"
"FPDC","user_embeddings_64",64,3,2,6,174.1613,-0.0708,78.9943,0.1345,NA,"ok"
"FPDC","user_embeddings_64",64,3,2,10,61.0804,-0.0708,78.9943,0.1345,NA,"ok"
"FPDC","user_embeddings_64",64,3,3,6,175.6938,-0.0239,81.9507,0.1127,NA,"ok"
"FPDC","user_embeddings_64",64,3,3,10,55.2837,-0.0063,91.266,0.1119,NA,"ok"
"FPDC","user_embeddings_64",64,3,4,6,160.3772,0.0145,67.0697,0.1217,NA,"ok"
"FPDC","user_embeddings_64",64,3,4,10,52.8401,0.0056,60.3727,0.082,NA,"ok"
"FPDC","user_embeddings_64",64,3,5,6,157.587,0.0033,53.321,0.1077,NA,"ok"
"FPDC","user_embeddings_64",64,3,5,10,53.3834,0.0068,56.7768,0.1237,NA,"ok"
"FPDC","user_embeddings_64",64,4,2,6,174.6072,-0.1131,61.7699,0.1276,NA,"ok"
"FPDC","user_embeddings_64",64,4,2,10,60.6577,-0.1131,61.7699,0.1276,NA,"ok"
"FPDC","user_embeddings_64",64,4,3,6,170.6741,-0.0307,69.4225,0.1087,NA,"ok"
"FPDC","user_embeddings_64",64,4,3,10,62.5955,-0.017,73.2578,0.0704,NA,"ok"
"FPDC","user_embeddings_64",64,4,4,6,163.1517,0.0111,40.3332,0.1212,NA,"ok"
"FPDC","user_embeddings_64",64,4,4,10,52.31,0.0114,41.8088,0.1391,NA,"ok"
"FPDC","user_embeddings_64",64,4,5,6,160.4356,-0.0084,35.9704,0.1103,NA,"ok"
"FPDC","user_embeddings_64",64,4,5,10,55.0735,-0.0128,38.9247,0.0966,NA,"ok"
"FPDC","user_embeddings_64",64,5,2,6,200.1552,-0.1016,51.9967,0.1197,NA,"ok"
"FPDC","user_embeddings_64",64,5,2,10,76.4774,-0.0998,51.9891,0.1188,NA,"ok"
"FPDC","user_embeddings_64",64,5,3,6,177.7146,-0.1261,53.0808,0.0794,NA,"ok"
"FPDC","user_embeddings_64",64,5,3,10,60.1337,-0.037,58.7435,0.0976,NA,"ok"
"FPDC","user_embeddings_64",64,5,4,6,165.1464,-5e-04,40.0074,0.0709,NA,"ok"
"FPDC","user_embeddings_64",64,5,4,10,53.9141,0.0123,32.1181,0.1423,NA,"ok"
"FPDC","user_embeddings_64",64,5,5,6,163.1422,-0.0197,25.706,0.0703,NA,"ok"
"FPDC","user_embeddings_64",64,5,5,10,56.2357,-0.0171,27.9207,0.1076,NA,"ok"
"FPDC","user_embeddings_64",64,6,2,6,179.7075,-0.1621,43.9353,0.129,NA,"ok"
"FPDC","user_embeddings_64",64,6,2,10,67.0526,-0.1399,44.1879,0.0958,NA,"ok"
"FPDC","user_embeddings_64",64,6,3,6,218.3325,-0.1872,45.2376,0.087,NA,"ok"
"FPDC","user_embeddings_64",64,6,3,10,67.1995,-0.185,45.5399,0.0894,NA,"ok"
"FPDC","user_embeddings_64",64,6,4,6,166.3208,0.008,26.7984,0.1207,NA,"ok"
"FPDC","user_embeddings_64",64,6,4,10,55.1546,-0.0016,32.9231,0.0926,NA,"ok"
"FPDC","user_embeddings_64",64,6,5,6,166.6099,-0.0307,18.924,0.0581,NA,"ok"
"FPDC","user_embeddings_64",64,6,5,10,59.9778,-0.0387,18.3248,0.0838,NA,"ok"
"FPDC","user_embeddings_64",64,7,2,10,84.8502,-0.1586,38.367,0.1218,NA,"ok"
"FPDC","user_embeddings_64",64,7,3,6,191.0452,-0.1816,39.1952,0.0709,NA,"ok"
"FPDC","user_embeddings_64",64,7,3,10,74.0193,-0.2133,38.301,0.1025,NA,"ok"
"FPDC","user_embeddings_64",64,7,4,6,169.5867,-0.0234,28.9724,0.0898,NA,"ok"
"FPDC","user_embeddings_64",64,7,4,10,61.455,-0.0296,27.8134,0.1051,NA,"ok"
"FPDC","user_embeddings_64",64,7,5,6,164.3719,-0.031,18.6376,0.1001,NA,"ok"
"FPDC","user_embeddings_64",64,7,5,10,56.4276,-0.0465,17.1171,0.1094,NA,"ok"
"FPDC","user_embeddings_64",64,8,2,10,68.9809,-0.1637,34.5469,0.1065,NA,"ok"
"FPDC","user_embeddings_64",64,8,3,6,183.632,-0.1259,33.1926,0.0725,NA,"ok"
"FPDC","user_embeddings_64",64,8,4,6,168.8597,-0.0071,21.4654,0.1029,NA,"ok"
"FPDC","user_embeddings_64",64,8,4,10,57.9629,-0.0021,18.7673,0.1157,NA,"ok"
"FPDC","user_embeddings_64",64,8,5,6,163.815,-0.0647,12.4075,0.0987,NA,"ok"
"FPDC","user_embeddings_64",64,8,5,10,55.281,-0.0503,13.0996,0.0794,NA,"ok"
"FPDC","user_embeddings_128",128,2,2,6,8392.2575,0.0069,52.911,0.0843,NA,"ok"
"FPDC","user_embeddings_128",128,2,2,10,2878.7554,0.0069,52.8481,0.0843,NA,"ok"
"FPDC","user_embeddings_128",128,2,3,6,8224.39,0.0056,39.8711,0.1052,NA,"ok"
"FPDC","user_embeddings_128",128,2,3,10,2808.3583,0.0056,39.935,0.1052,NA,"ok"
"FPDC","user_embeddings_128",128,2,4,6,244.2142,0.0036,18.513,0.0855,NA,"ok"
"FPDC","user_embeddings_128",128,2,4,10,78.1002,0.0036,19.2128,0.0856,NA,"ok"
"FPDC","user_embeddings_128",128,2,5,6,242.2718,0.0027,12.5816,0.0949,NA,"ok"
"FPDC","user_embeddings_128",128,2,5,10,80.8861,0.0025,12.0355,0.095,NA,"ok"
"FPDC","user_embeddings_128",128,3,2,6,172.1246,-0.0656,74.639,0.1245,NA,"ok"
"FPDC","user_embeddings_128",128,3,2,10,54.8449,-0.0641,74.7951,0.1205,NA,"ok"
"FPDC","user_embeddings_128",128,3,3,6,182.9975,-0.0047,76.7221,0.1079,NA,"ok"
"FPDC","user_embeddings_128",128,3,3,10,62.4882,2e-04,75.8859,0.0984,NA,"ok"
"FPDC","user_embeddings_128",128,3,4,6,162.2062,0.0031,49.4124,0.0577,NA,"ok"
"FPDC","user_embeddings_128",128,3,4,10,52.5472,-0.0022,54.458,0.0787,NA,"ok"
"FPDC","user_embeddings_128",128,3,5,6,160.3955,-0.0041,39.0539,0.046,NA,"ok"
"FPDC","user_embeddings_128",128,3,5,10,53.3487,-0.0141,38.3427,0.0473,NA,"ok"
"FPDC","user_embeddings_128",128,4,2,6,188.1598,-0.115,56.4322,0.1363,NA,"ok"
"FPDC","user_embeddings_128",128,4,2,10,69.0763,-0.1147,56.5893,0.1355,NA,"ok"
"FPDC","user_embeddings_128",128,4,3,6,185.6426,-0.0526,60.9563,0.0781,NA,"ok"
"FPDC","user_embeddings_128",128,4,3,10,63.9995,-0.0421,61.798,0.1026,NA,"ok"
"FPDC","user_embeddings_128",128,4,4,6,167.6919,-0.0312,32.2782,0.064,NA,"ok"
"FPDC","user_embeddings_128",128,4,4,10,57.2763,-0.0293,33.6962,0.0571,NA,"ok"
"FPDC","user_embeddings_128",128,4,5,6,165.6139,-0.0042,26.7946,0.0469,NA,"ok"
"FPDC","user_embeddings_128",128,4,5,10,52.8084,-0.0191,23.7765,0.046,NA,"ok"
"FPDC","user_embeddings_128",128,5,2,6,177.9858,-0.1049,46.1151,0.1302,NA,"ok"
"FPDC","user_embeddings_128",128,5,2,10,65.1494,-0.1219,45.8205,0.1298,NA,"ok"
"FPDC","user_embeddings_128",128,5,3,6,179.9731,-0.201,44.7902,0.1281,NA,"ok"
"FPDC","user_embeddings_128",128,5,3,10,69.3417,-0.066,47.2816,0.0928,NA,"ok"
"FPDC","user_embeddings_128",128,5,4,6,165.2727,-0.0023,27.0937,0.1038,NA,"ok"
"FPDC","user_embeddings_128",128,5,4,10,57.4225,-0.028,27.1017,0.0588,NA,"ok"
"FPDC","user_embeddings_128",128,5,5,6,165.923,-0.0138,20.273,0.0436,NA,"ok"
"FPDC","user_embeddings_128",128,5,5,10,62.3621,-0.0163,18.615,0.0406,NA,"ok"
"FPDC","user_embeddings_128",128,6,2,6,186.6629,-0.1161,39.698,0.1082,NA,"ok"
"FPDC","user_embeddings_128",128,6,2,10,76.5423,-0.1481,39.2487,0.1143,NA,"ok"
"FPDC","user_embeddings_128",128,6,3,6,190.8695,-0.1726,40.3169,0.0977,NA,"ok"
"FPDC","user_embeddings_128",128,6,3,10,70.5998,-0.2041,39.4552,0.0861,NA,"ok"
"FPDC","user_embeddings_128",128,6,4,6,171.1352,-0.0581,24.6661,0.0651,NA,"ok"
"FPDC","user_embeddings_128",128,6,4,10,62.7267,-5e-04,20.9153,0.0808,NA,"ok"
"FPDC","user_embeddings_128",128,6,5,6,169.0613,-0.0368,17.1945,0.0455,NA,"ok"
"FPDC","user_embeddings_128",128,6,5,10,55.6167,-0.0117,15.0845,0.0553,NA,"ok"
"FPDC","user_embeddings_128",128,7,2,6,202.4931,-0.1306,34.8717,0.126,NA,"ok"
"FPDC","user_embeddings_128",128,7,3,6,189.5512,-0.2242,32.8983,0.0678,NA,"ok"
"FPDC","user_embeddings_128",128,7,3,10,77.7984,-0.2389,33.8959,0.1003,NA,"ok"
"FPDC","user_embeddings_128",128,7,4,6,173.2159,-0.0468,21.2177,0.0686,NA,"ok"
"FPDC","user_embeddings_128",128,7,4,10,63.6842,-0.0584,17.3101,0.0677,NA,"ok"
"FPDC","user_embeddings_128",128,7,5,6,171.4698,-0.0244,12.6783,0.0593,NA,"ok"
"FPDC","user_embeddings_128",128,7,5,10,59.2954,-0.0279,13.2115,0.0629,NA,"ok"
"FPDC","user_embeddings_128",128,8,2,6,196.2464,-0.1453,33.2866,0.0805,NA,"ok"
"FPDC","user_embeddings_128",128,8,2,10,82.2454,-0.1165,31.5298,0.1219,NA,"ok"
"FPDC","user_embeddings_128",128,8,4,6,175.9227,-0.0638,14.956,0.0562,NA,"ok"
"FPDC","user_embeddings_128",128,8,4,10,62.6751,-0.0653,16.3172,0.0752,NA,"ok"
"FPDC","user_embeddings_128",128,8,5,6,173.8241,-0.0261,9.4936,0.0438,NA,"ok"
"FPDC","user_embeddings_128",128,8,5,10,61.6865,-0.0211,9.5403,0.0545,NA,"ok"
"FPDC","user_embeddings_256",256,2,2,6,8177.823,0.0043,28.6417,0.1124,NA,"ok"
"FPDC","user_embeddings_256",256,2,2,10,2763.6593,0.0043,28.7922,0.1124,NA,"ok"
"FPDC","user_embeddings_256",256,2,3,6,8273.452,0.0045,28.6356,0.0961,NA,"ok"
"FPDC","user_embeddings_256",256,2,3,10,2865.7166,0.0044,28.4968,0.0961,NA,"ok"
"FPDC","user_embeddings_256",256,2,4,6,238.6489,0.0027,13.6708,0.0807,NA,"ok"
"FPDC","user_embeddings_256",256,2,4,10,81.747,0.0027,14.1457,0.0807,NA,"ok"
"FPDC","user_embeddings_256",256,2,5,6,237.193,9e-04,3.2169,0.0844,NA,"ok"
"FPDC","user_embeddings_256",256,2,5,10,81.8805,7e-04,2.8953,0.084,NA,"ok"
"FPDC","user_embeddings_256",256,3,2,6,170.196,-0.0556,63.405,0.1456,NA,"ok"
"FPDC","user_embeddings_256",256,3,2,10,63.7525,-0.0537,63.6118,0.1443,NA,"ok"
"FPDC","user_embeddings_256",256,3,3,6,167.4773,-0.0167,68.221,0.1187,NA,"ok"
"FPDC","user_embeddings_256",256,3,3,10,62.0204,-0.0154,68.3225,0.1137,NA,"ok"
"FPDC","user_embeddings_256",256,3,4,6,171.6641,0.0069,49.0779,0.079,NA,"ok"
"FPDC","user_embeddings_256",256,3,4,10,58.4384,0.0034,49.5395,0.0866,NA,"ok"
"FPDC","user_embeddings_256",256,3,5,6,171.4259,-0.0015,34.3342,0.0682,NA,"ok"
"FPDC","user_embeddings_256",256,3,5,10,56.6341,-0.0048,34.2914,0.0784,NA,"ok"
"FPDC","user_embeddings_256",256,4,2,6,184.8735,-0.1133,47.6771,0.1379,NA,"ok"
"FPDC","user_embeddings_256",256,4,2,10,60.8634,-0.1139,47.5722,0.1376,NA,"ok"
"FPDC","user_embeddings_256",256,4,3,6,193.9152,-0.0474,51.8339,0.105,NA,"ok"
"FPDC","user_embeddings_256",256,4,3,10,68.2787,-0.0546,51.7257,0.1058,NA,"ok"
"FPDC","user_embeddings_256",256,4,4,6,169.0047,-0.0156,33.1629,0.068,NA,"ok"
"FPDC","user_embeddings_256",256,4,4,10,59.5909,-0.0156,33.1138,0.0721,NA,"ok"
"FPDC","user_embeddings_256",256,4,5,6,167.7893,-0.0149,26.4718,0.0691,NA,"ok"
"FPDC","user_embeddings_256",256,4,5,10,55.9631,-0.0125,20.0377,0.0516,NA,"ok"
"FPDC","user_embeddings_256",256,5,2,6,188.3181,-0.1165,39.1467,0.1224,NA,"ok"
"FPDC","user_embeddings_256",256,5,2,10,67.7121,-0.1175,38.8729,0.1221,NA,"ok"
"FPDC","user_embeddings_256",256,5,3,6,186.1018,-0.0862,41.2268,0.1001,NA,"ok"
"FPDC","user_embeddings_256",256,5,3,10,71.1035,-0.2093,39.6039,0.109,NA,"ok"
"FPDC","user_embeddings_256",256,5,4,6,180.4872,-0.0295,25.6154,0.0669,NA,"ok"
"FPDC","user_embeddings_256",256,5,4,10,63.9005,-0.0275,25.4397,0.0739,NA,"ok"
"FPDC","user_embeddings_256",256,5,5,6,174.0476,-0.021,17.9654,0.0583,NA,"ok"
"FPDC","user_embeddings_256",256,5,5,10,58.7284,-0.006,18.2561,0.0582,NA,"ok"
"FPDC","user_embeddings_256",256,6,2,6,202.6667,-0.1183,32.6834,0.1121,NA,"ok"
"FPDC","user_embeddings_256",256,6,2,10,84.1772,-0.1103,32.9012,0.1102,NA,"ok"
"FPDC","user_embeddings_256",256,6,3,6,203.5736,-0.2156,34.9076,0.1032,NA,"ok"
"FPDC","user_embeddings_256",256,6,3,10,70.7382,-0.2089,33.9228,0.1482,NA,"ok"
"FPDC","user_embeddings_256",256,6,4,6,180.4674,-0.0415,20.833,0.0709,NA,"ok"
"FPDC","user_embeddings_256",256,6,4,10,66.9134,-0.0146,21.2169,0.0807,NA,"ok"
"FPDC","user_embeddings_256",256,6,5,6,175.8309,-0.0072,11.9417,0.056,NA,"ok"
"FPDC","user_embeddings_256",256,6,5,10,60.8727,-0.0086,13.3668,0.0563,NA,"ok"
"FPDC","user_embeddings_256",256,7,2,6,207.1916,-0.1113,31.2608,0.1012,NA,"ok"
"FPDC","user_embeddings_256",256,7,2,10,79.223,-0.1042,31.2229,0.0965,NA,"ok"
"FPDC","user_embeddings_256",256,7,4,6,183.7525,-0.0403,16.7315,0.0656,NA,"ok"
"FPDC","user_embeddings_256",256,7,4,10,68.9261,-0.0257,17.444,0.0586,NA,"ok"
"FPDC","user_embeddings_256",256,7,5,6,179.5823,-0.0153,8.344,0.0531,NA,"ok"
"FPDC","user_embeddings_256",256,7,5,10,65.8183,-0.0252,7.4754,0.0494,NA,"ok"
"FPDC","user_embeddings_256",256,8,2,6,203.8051,-0.1536,27.6238,0.098,NA,"ok"
"FPDC","user_embeddings_256",256,8,2,10,91.5955,-0.1421,27.8143,0.1059,NA,"ok"
"FPDC","user_embeddings_256",256,8,3,6,208.6714,-0.2165,25.1192,0.1173,NA,"ok"
"FPDC","user_embeddings_256",256,8,4,6,190.2906,-0.0562,14.6444,0.0554,NA,"ok"
"FPDC","user_embeddings_256",256,8,4,10,71.0152,-0.0341,14.8711,0.0647,NA,"ok"
"FPDC","user_embeddings_256",256,8,5,6,184.7983,-0.0349,7.3168,0.0487,NA,"ok"
"FPDC","user_embeddings_256",256,8,5,10,66.0865,-0.0378,7.304,0.0565,NA,"ok"
