"file","method","embedding","k","nf","nu","runtime_sec","silhouette","ch","prob_silh","wss","n_obs","status","embedding_dim","embedding_label","model_id"
"/content/drive/MyDrive/math252-project-colab-output/output/benchmark_cache/kmeans_user_embeddings_64_k2.rds","KMeans","user_embeddings_64",2,NA,NA,3.57625555992126,0.237184077257088,132.281379616278,NA,378210.117890134,6040,"ok",64,"64-dimensional","KMeans__user_embeddings_64__k2"
"/content/drive/MyDrive/math252-project-colab-output/output/benchmark_cache/kmeans_user_embeddings_64_k3.rds","KMeans","user_embeddings_64",3,NA,NA,4.37771344184875,0.155350579439048,111.470346523853,NA,372731.382997182,6040,"ok",64,"64-dimensional","KMeans__user_embeddings_64__k3"
"/content/drive/MyDrive/math252-project-colab-output/output/benchmark_cache/kmeans_user_embeddings_64_k4.rds","KMeans","user_embeddings_64",4,NA,NA,7.35366463661194,-0.0108456961016747,96.957507222613,NA,368727.17887242,6040,"ok",64,"64-dimensional","KMeans__user_embeddings_64__k4"
"/content/drive/MyDrive/math252-project-colab-output/output/benchmark_cache/kmeans_user_embeddings_64_k5.rds","KMeans","user_embeddings_64",5,NA,NA,9.79872918128967,-0.0104492509780172,85.109904558833,NA,365857.65055769,6040,"ok",64,"64-dimensional","KMeans__user_embeddings_64__k5"
"/content/drive/MyDrive/math252-project-colab-output/output/benchmark_cache/kmeans_user_embeddings_64_k6.rds","KMeans","user_embeddings_64",6,NA,NA,11.6432061195374,-0.0208336384584436,76.3925806681466,NA,363486.650271262,6040,"ok",64,"64-dimensional","KMeans__user_embeddings_64__k6"
"/content/drive/MyDrive/math252-project-colab-output/output/benchmark_cache/kmeans_user_embeddings_64_k7.rds","KMeans","user_embeddings_64",7,NA,NA,13.5380420684814,0.0370716806669454,70.1704680415883,NA,361283.254998663,6040,"ok",64,"64-dimensional","KMeans__user_embeddings_64__k7"
"/content/drive/MyDrive/math252-project-colab-output/output/benchmark_cache/kmeans_user_embeddings_64_k8.rds","KMeans","user_embeddings_64",8,NA,NA,16.4647524356842,0.0110630181220597,64.7091625715425,NA,359499.886566638,6040,"ok",64,"64-dimensional","KMeans__user_embeddings_64__k8"
"/content/drive/MyDrive/math252-project-colab-output/output/benchmark_cache/kmeans_user_embeddings_128_k2.rds","KMeans","user_embeddings_128",2,NA,NA,5.95046520233154,0.328589001338432,139.511776483114,NA,755534.892506039,6040,"ok",128,"128-dimensional","KMeans__user_embeddings_128__k2"
"/content/drive/MyDrive/math252-project-colab-output/output/benchmark_cache/kmeans_user_embeddings_128_k3.rds","KMeans","user_embeddings_128",3,NA,NA,8.73291063308716,0.217746554869212,113.019062388712,NA,745094.091881454,6040,"ok",128,"128-dimensional","KMeans__user_embeddings_128__k3"
"/content/drive/MyDrive/math252-project-colab-output/output/benchmark_cache/kmeans_user_embeddings_128_k4.rds","KMeans","user_embeddings_128",4,NA,NA,12.7167797088623,-0.0098158967604663,91.2106349289915,NA,739469.398913772,6040,"ok",128,"128-dimensional","KMeans__user_embeddings_128__k4"
"/content/drive/MyDrive/math252-project-colab-output/output/benchmark_cache/kmeans_user_embeddings_128_k5.rds","KMeans","user_embeddings_128",5,NA,NA,17.2769365310669,0.195069632947082,79.2081719059461,NA,734434.760709213,6040,"ok",128,"128-dimensional","KMeans__user_embeddings_128__k5"
"/content/drive/MyDrive/math252-project-colab-output/output/benchmark_cache/kmeans_user_embeddings_128_k6.rds","KMeans","user_embeddings_128",6,NA,NA,23.2584390640259,-0.0222032230423528,70.7888591632384,NA,730161.928784325,6040,"ok",128,"128-dimensional","KMeans__user_embeddings_128__k6"
"/content/drive/MyDrive/math252-project-colab-output/output/benchmark_cache/kmeans_user_embeddings_128_k7.rds","KMeans","user_embeddings_128",7,NA,NA,27.1013066768646,-0.0016723980479411,63.1288830049208,NA,727327.763979619,6040,"ok",128,"128-dimensional","KMeans__user_embeddings_128__k7"
"/content/drive/MyDrive/math252-project-colab-output/output/benchmark_cache/kmeans_user_embeddings_128_k8.rds","KMeans","user_embeddings_128",8,NA,NA,31.8469791412354,-0.00314030814408256,57.4692500817486,NA,724662.946193875,6040,"ok",128,"128-dimensional","KMeans__user_embeddings_128__k8"
"/content/drive/MyDrive/math252-project-colab-output/output/benchmark_cache/kmeans_user_embeddings_256_k2.rds","KMeans","user_embeddings_256",2,NA,NA,14.0303809642792,0.286757737607072,111.240816327282,NA,1518016.885469,6040,"ok",256,"256-dimensional","KMeans__user_embeddings_256__k2"
"/content/drive/MyDrive/math252-project-colab-output/output/benchmark_cache/kmeans_user_embeddings_256_k3.rds","KMeans","user_embeddings_256",3,NA,NA,18.4895029067993,0.173148673730023,91.7408675991358,NA,1500383.05798555,6040,"ok",256,"256-dimensional","KMeans__user_embeddings_256__k3"
"/content/drive/MyDrive/math252-project-colab-output/output/benchmark_cache/kmeans_user_embeddings_256_k4.rds","KMeans","user_embeddings_256",4,NA,NA,23.4549040794373,0.0255906257046033,74.77418796462,NA,1490587.63805867,6040,"ok",256,"256-dimensional","KMeans__user_embeddings_256__k4"
"/content/drive/MyDrive/math252-project-colab-output/output/benchmark_cache/kmeans_user_embeddings_256_k5.rds","KMeans","user_embeddings_256",5,NA,NA,29.6180148124695,0.142182949298983,64.8469525315984,NA,1482274.96008267,6040,"ok",256,"256-dimensional","KMeans__user_embeddings_256__k5"
"/content/drive/MyDrive/math252-project-colab-output/output/benchmark_cache/kmeans_user_embeddings_256_k6.rds","KMeans","user_embeddings_256",6,NA,NA,36.9472823143005,0.0533246363397442,57.0614774655819,NA,1476185.10767594,6040,"ok",256,"256-dimensional","KMeans__user_embeddings_256__k6"
"/content/drive/MyDrive/math252-project-colab-output/output/benchmark_cache/kmeans_user_embeddings_256_k7.rds","KMeans","user_embeddings_256",7,NA,NA,46.1186938285828,-0.00897238917129043,50.8743417278216,NA,1471530.35680273,6040,"ok",256,"256-dimensional","KMeans__user_embeddings_256__k7"
"/content/drive/MyDrive/math252-project-colab-output/output/benchmark_cache/kmeans_user_embeddings_256_k8.rds","KMeans","user_embeddings_256",8,NA,NA,57.2580718994141,0.0904326323729013,46.0357518097793,NA,1467580.76917224,6040,"ok",256,"256-dimensional","KMeans__user_embeddings_256__k8"
"/content/drive/MyDrive/math252-project-colab-output/output/benchmark_cache/pd_user_embeddings_64_k2.rds","PD","user_embeddings_64",2,NA,NA,0.287293910980225,0.00276874984944674,10.1368611984019,0.0932536020114262,NA,6040,"ok",64,"64-dimensional","PD__user_embeddings_64__k2"
"/content/drive/MyDrive/math252-project-colab-output/output/benchmark_cache/pd_user_embeddings_64_k3.rds","PD","user_embeddings_64",3,NA,NA,0.39559268951416,-0.00383415649451146,2.33712896909635,0.0366213123847658,NA,6040,"ok",64,"64-dimensional","PD__user_embeddings_64__k3"
"/content/drive/MyDrive/math252-project-colab-output/output/benchmark_cache/pd_user_embeddings_64_k4.rds","PD","user_embeddings_64",4,NA,NA,0.514354467391968,-0.00765578763681128,4.27479070716751,0.0374396622108273,NA,6040,"ok",64,"64-dimensional","PD__user_embeddings_64__k4"
"/content/drive/MyDrive/math252-project-colab-output/output/benchmark_cache/pd_user_embeddings_64_k5.rds","PD","user_embeddings_64",5,NA,NA,0.654360294342041,-0.00797786002442563,2.46817062144796,0.0255639694640833,NA,6040,"ok",64,"64-dimensional","PD__user_embeddings_64__k5"
"/content/drive/MyDrive/math252-project-colab-output/output/benchmark_cache/pd_user_embeddings_64_k6.rds","PD","user_embeddings_64",6,NA,NA,0.680115938186646,-0.0189455123727047,2.91337801276278,0.020766382560287,NA,6040,"ok",64,"64-dimensional","PD__user_embeddings_64__k6"
"/content/drive/MyDrive/math252-project-colab-output/output/benchmark_cache/pd_user_embeddings_64_k7.rds","PD","user_embeddings_64",7,NA,NA,1.13024520874023,-0.0337892479543222,2.03730881413679,0.0172334189482745,NA,6040,"ok",64,"64-dimensional","PD__user_embeddings_64__k7"
"/content/drive/MyDrive/math252-project-colab-output/output/benchmark_cache/pd_user_embeddings_64_k8.rds","PD","user_embeddings_64",8,NA,NA,1.06987428665161,-0.0411667474038991,2.28739062022439,0.0185397699553655,NA,6040,"ok",64,"64-dimensional","PD__user_embeddings_64__k8"
"/content/drive/MyDrive/math252-project-colab-output/output/benchmark_cache/pd_user_embeddings_128_k2.rds","PD","user_embeddings_128",2,NA,NA,0.184180974960327,-0.000100263451993729,0.920009504779618,0.0680478921273399,NA,6040,"ok",128,"128-dimensional","PD__user_embeddings_128__k2"
"/content/drive/MyDrive/math252-project-colab-output/output/benchmark_cache/pd_user_embeddings_128_k3.rds","PD","user_embeddings_128",3,NA,NA,0.367615699768066,-0.00230239770125059,1.15733331001218,0.0314308585394758,NA,6040,"ok",128,"128-dimensional","PD__user_embeddings_128__k3"
"/content/drive/MyDrive/math252-project-colab-output/output/benchmark_cache/pd_user_embeddings_128_k4.rds","PD","user_embeddings_128",4,NA,NA,0.478813409805298,-0.00776029499359161,1.05943382928646,0.028307089554853,NA,6040,"ok",128,"128-dimensional","PD__user_embeddings_128__k4"
"/content/drive/MyDrive/math252-project-colab-output/output/benchmark_cache/pd_user_embeddings_128_k5.rds","PD","user_embeddings_128",5,NA,NA,0.580334424972534,-0.00344507105831894,1.00377286503494,0.0233018706611217,NA,6040,"ok",128,"128-dimensional","PD__user_embeddings_128__k5"
"/content/drive/MyDrive/math252-project-colab-output/output/benchmark_cache/pd_user_embeddings_128_k6.rds","PD","user_embeddings_128",6,NA,NA,0.656488180160522,-0.018342426116718,1.16251807827086,0.017804673274367,NA,6040,"ok",128,"128-dimensional","PD__user_embeddings_128__k6"
"/content/drive/MyDrive/math252-project-colab-output/output/benchmark_cache/pd_user_embeddings_128_k7.rds","PD","user_embeddings_128",7,NA,NA,0.69466757774353,-0.0126601632828006,1.00924806106792,0.0178595527966183,NA,6040,"ok",128,"128-dimensional","PD__user_embeddings_128__k7"
"/content/drive/MyDrive/math252-project-colab-output/output/benchmark_cache/pd_user_embeddings_128_k8.rds","PD","user_embeddings_128",8,NA,NA,0.802778005599976,-0.0333117892587007,1.12063051410904,0.0135300906574719,NA,6040,"ok",128,"128-dimensional","PD__user_embeddings_128__k8"
"/content/drive/MyDrive/math252-project-colab-output/output/benchmark_cache/pd_user_embeddings_256_k2.rds","PD","user_embeddings_256",2,NA,NA,0.258777379989624,-1.81748455036568e-05,1.06608806134381,0.0622255242606143,NA,6040,"ok",256,"256-dimensional","PD__user_embeddings_256__k2"
"/content/drive/MyDrive/math252-project-colab-output/output/benchmark_cache/pd_user_embeddings_256_k3.rds","PD","user_embeddings_256",3,NA,NA,0.868901252746582,-0.00369478537538615,1.00114033006359,0.0290226313348598,NA,6040,"ok",256,"256-dimensional","PD__user_embeddings_256__k3"
"/content/drive/MyDrive/math252-project-colab-output/output/benchmark_cache/pd_user_embeddings_256_k4.rds","PD","user_embeddings_256",4,NA,NA,0.626185894012451,-0.00521062472752829,0.925462918136861,0.0176061260578779,NA,6040,"ok",256,"256-dimensional","PD__user_embeddings_256__k4"
"/content/drive/MyDrive/math252-project-colab-output/output/benchmark_cache/pd_user_embeddings_256_k5.rds","PD","user_embeddings_256",5,NA,NA,0.724687576293945,-0.021075087432823,1.06420666455634,0.0202890525185819,NA,6040,"ok",256,"256-dimensional","PD__user_embeddings_256__k5"
"/content/drive/MyDrive/math252-project-colab-output/output/benchmark_cache/pd_user_embeddings_256_k6.rds","PD","user_embeddings_256",6,NA,NA,0.848355293273926,-0.0124970746173986,1.01497087447621,0.0163051159328725,NA,6040,"ok",256,"256-dimensional","PD__user_embeddings_256__k6"
"/content/drive/MyDrive/math252-project-colab-output/output/benchmark_cache/pd_user_embeddings_256_k7.rds","PD","user_embeddings_256",7,NA,NA,0.921611309051514,-0.0168555371164275,0.957989039496432,0.0136223946623692,NA,6040,"ok",256,"256-dimensional","PD__user_embeddings_256__k7"
"/content/drive/MyDrive/math252-project-colab-output/output/benchmark_cache/pd_user_embeddings_256_k8.rds","PD","user_embeddings_256",8,NA,NA,1.0466194152832,-0.016258648230106,0.888885280471777,0.00899935661342039,NA,6040,"ok",256,"256-dimensional","PD__user_embeddings_256__k8"
"/content/drive/MyDrive/math252-project-colab-output/output/benchmark_cache/rkm_user_embeddings_64_k2_nf2.rds","RKM","user_embeddings_64",2,2,NA,278.899392366409,0.235123010161809,132.290509310172,NA,NA,6040,"ok",64,"64-dimensional","RKM__user_embeddings_64__k2__nf2"
"/content/drive/MyDrive/math252-project-colab-output/output/benchmark_cache/rkm_user_embeddings_64_k2_nf3.rds","RKM","user_embeddings_64",2,3,NA,305.482939243317,0.231437583356966,132.292828149409,NA,NA,6040,"ok",64,"64-dimensional","RKM__user_embeddings_64__k2__nf3"
"/content/drive/MyDrive/math252-project-colab-output/output/benchmark_cache/rkm_user_embeddings_64_k2_nf4.rds","RKM","user_embeddings_64",2,4,NA,318.625461578369,0.232320188738033,132.296386820198,NA,NA,6040,"ok",64,"64-dimensional","RKM__user_embeddings_64__k2__nf4"
"/content/drive/MyDrive/math252-project-colab-output/output/benchmark_cache/rkm_user_embeddings_64_k2_nf5.rds","RKM","user_embeddings_64",2,5,NA,340.744204044342,0.232127196491254,132.306028194095,NA,NA,6040,"ok",64,"64-dimensional","RKM__user_embeddings_64__k2__nf5"
"/content/drive/MyDrive/math252-project-colab-output/output/benchmark_cache/rkm_user_embeddings_64_k3_nf2.rds","RKM","user_embeddings_64",3,2,NA,298.56058049202,0.152360591785455,111.487005439636,NA,NA,6040,"ok",64,"64-dimensional","RKM__user_embeddings_64__k3__nf2"
"/content/drive/MyDrive/math252-project-colab-output/output/benchmark_cache/rkm_user_embeddings_64_k3_nf3.rds","RKM","user_embeddings_64",3,3,NA,313.993212461472,0.150874214978374,111.492928003962,NA,NA,6040,"ok",64,"64-dimensional","RKM__user_embeddings_64__k3__nf3"
"/content/drive/MyDrive/math252-project-colab-output/output/benchmark_cache/rkm_user_embeddings_64_k3_nf4.rds","RKM","user_embeddings_64",3,4,NA,341.734735012054,0.154331077952029,111.493696415344,NA,NA,6040,"ok",64,"64-dimensional","RKM__user_embeddings_64__k3__nf4"
"/content/drive/MyDrive/math252-project-colab-output/output/benchmark_cache/rkm_user_embeddings_64_k3_nf5.rds","RKM","user_embeddings_64",3,5,NA,370.545171737671,0.154542050972799,111.477404286869,NA,NA,6040,"ok",64,"64-dimensional","RKM__user_embeddings_64__k3__nf5"
"/content/drive/MyDrive/math252-project-colab-output/output/benchmark_cache/rkm_user_embeddings_64_k4_nf2.rds","RKM","user_embeddings_64",4,2,NA,759.254960298538,-0.0107460079770439,96.5602710228313,NA,NA,6040,"ok",64,"64-dimensional","RKM__user_embeddings_64__k4__nf2"
"/content/drive/MyDrive/math252-project-colab-output/output/benchmark_cache/rkm_user_embeddings_64_k4_nf3.rds","RKM","user_embeddings_64",4,3,NA,714.037764072418,-0.0112225260205183,96.932886459034,NA,NA,6040,"ok",64,"64-dimensional","RKM__user_embeddings_64__k4__nf3"
"/content/drive/MyDrive/math252-project-colab-output/output/benchmark_cache/rkm_user_embeddings_64_k4_nf4.rds","RKM","user_embeddings_64",4,4,NA,723.812690258026,-0.0102041857046295,96.9370875796923,NA,NA,6040,"ok",64,"64-dimensional","RKM__user_embeddings_64__k4__nf4"
"/content/drive/MyDrive/math252-project-colab-output/output/benchmark_cache/rkm_user_embeddings_64_k4_nf5.rds","RKM","user_embeddings_64",4,5,NA,831.784952402115,-0.0114245357613378,96.962144246488,NA,NA,6040,"ok",64,"64-dimensional","RKM__user_embeddings_64__k4__nf5"
"/content/drive/MyDrive/math252-project-colab-output/output/benchmark_cache/rkm_user_embeddings_64_k5_nf2.rds","RKM","user_embeddings_64",5,2,NA,773.642699241638,0.0521802943184276,81.6282186843023,NA,NA,6040,"ok",64,"64-dimensional","RKM__user_embeddings_64__k5__nf2"
"/content/drive/MyDrive/math252-project-colab-output/output/benchmark_cache/rkm_user_embeddings_64_k5_nf3.rds","RKM","user_embeddings_64",5,3,NA,1083.50602436066,-0.0121577274780202,84.8733986359862,NA,NA,6040,"ok",64,"64-dimensional","RKM__user_embeddings_64__k5__nf3"
"/content/drive/MyDrive/math252-project-colab-output/output/benchmark_cache/rkm_user_embeddings_64_k5_nf4.rds","RKM","user_embeddings_64",5,4,NA,867.234915733337,-0.0114961404196532,85.194427852327,NA,NA,6040,"ok",64,"64-dimensional","RKM__user_embeddings_64__k5__nf4"
"/content/drive/MyDrive/math252-project-colab-output/output/benchmark_cache/rkm_user_embeddings_64_k5_nf5.rds","RKM","user_embeddings_64",5,5,NA,959.540651798248,-0.0114498083505147,85.2322675476137,NA,NA,6040,"ok",64,"64-dimensional","RKM__user_embeddings_64__k5__nf5"
"/content/drive/MyDrive/math252-project-colab-output/output/benchmark_cache/rkm_user_embeddings_64_k6_nf2.rds","RKM","user_embeddings_64",6,2,NA,800.816708564758,0.0563101527904743,71.8059042215149,NA,NA,6040,"ok",64,"64-dimensional","RKM__user_embeddings_64__k6__nf2"
"/content/drive/MyDrive/math252-project-colab-output/output/benchmark_cache/rkm_user_embeddings_64_k6_nf3.rds","RKM","user_embeddings_64",6,3,NA,1233.80860924721,0.0389182716541598,75.0319506375882,NA,NA,6040,"ok",64,"64-dimensional","RKM__user_embeddings_64__k6__nf3"
"/content/drive/MyDrive/math252-project-colab-output/output/benchmark_cache/rkm_user_embeddings_64_k6_nf4.rds","RKM","user_embeddings_64",6,4,NA,1092.09585976601,-0.0210532583571183,76.3859256697272,NA,NA,6040,"ok",64,"64-dimensional","RKM__user_embeddings_64__k6__nf4"
"/content/drive/MyDrive/math252-project-colab-output/output/benchmark_cache/rkm_user_embeddings_64_k6_nf5.rds","RKM","user_embeddings_64",6,5,NA,981.982635259628,-0.0183556755498037,76.7878076499656,NA,NA,6040,"ok",64,"64-dimensional","RKM__user_embeddings_64__k6__nf5"
"/content/drive/MyDrive/math252-project-colab-output/output/benchmark_cache/rkm_user_embeddings_64_k7_nf2.rds","RKM","user_embeddings_64",7,2,NA,1424.25886511803,-0.0219825709741027,64.3056901430276,NA,NA,6040,"ok",64,"64-dimensional","RKM__user_embeddings_64__k7__nf2"
"/content/drive/MyDrive/math252-project-colab-output/output/benchmark_cache/rkm_user_embeddings_64_k7_nf3.rds","RKM","user_embeddings_64",7,3,NA,2306.87913227081,0.0364464812848617,68.0034753657253,NA,NA,6040,"ok",64,"64-dimensional","RKM__user_embeddings_64__k7__nf3"
"/content/drive/MyDrive/math252-project-colab-output/output/benchmark_cache/rkm_user_embeddings_64_k7_nf4.rds","RKM","user_embeddings_64",7,4,NA,1435.25284576416,0.0206981654761231,69.7291003444957,NA,NA,6040,"ok",64,"64-dimensional","RKM__user_embeddings_64__k7__nf4"
"/content/drive/MyDrive/math252-project-colab-output/output/benchmark_cache/rkm_user_embeddings_64_k7_nf5.rds","RKM","user_embeddings_64",7,5,NA,997.129694223404,0.0242090951679711,70.2059214571016,NA,NA,6040,"ok",64,"64-dimensional","RKM__user_embeddings_64__k7__nf5"
"/content/drive/MyDrive/math252-project-colab-output/output/benchmark_cache/rkm_user_embeddings_64_k8_nf2.rds","RKM","user_embeddings_64",8,2,NA,1252.83751273155,-0.0518704588756211,58.0566619977938,NA,NA,6040,"ok",64,"64-dimensional","RKM__user_embeddings_64__k8__nf2"
"/content/drive/MyDrive/math252-project-colab-output/output/benchmark_cache/rkm_user_embeddings_64_k8_nf3.rds","RKM","user_embeddings_64",8,3,NA,1595.37015914917,0.0276996898209603,62.3074454518275,NA,NA,6040,"ok",64,"64-dimensional","RKM__user_embeddings_64__k8__nf3"
"/content/drive/MyDrive/math252-project-colab-output/output/benchmark_cache/rkm_user_embeddings_64_k8_nf4.rds","RKM","user_embeddings_64",8,4,NA,1064.50818037987,0.0184605036245068,64.2220555728491,NA,NA,6040,"ok",64,"64-dimensional","RKM__user_embeddings_64__k8__nf4"
"/content/drive/MyDrive/math252-project-colab-output/output/benchmark_cache/rkm_user_embeddings_64_k8_nf5.rds","RKM","user_embeddings_64",8,5,NA,707.876748561859,-0.00138955354425686,64.8297045666821,NA,NA,6040,"ok",64,"64-dimensional","RKM__user_embeddings_64__k8__nf5"
"/content/drive/MyDrive/math252-project-colab-output/output/benchmark_cache/rkm_user_embeddings_128_k2_nf2.rds","RKM","user_embeddings_128",2,2,NA,165.947725772858,0.330489065304047,139.519281556154,NA,NA,6040,"ok",128,"128-dimensional","RKM__user_embeddings_128__k2__nf2"
"/content/drive/MyDrive/math252-project-colab-output/output/benchmark_cache/rkm_user_embeddings_128_k2_nf3.rds","RKM","user_embeddings_128",2,3,NA,184.381731987,0.330489065304047,139.519281556154,NA,NA,6040,"ok",128,"128-dimensional","RKM__user_embeddings_128__k2__nf3"
"/content/drive/MyDrive/math252-project-colab-output/output/benchmark_cache/rkm_user_embeddings_128_k2_nf4.rds","RKM","user_embeddings_128",2,4,NA,184.096231937408,0.330773228362899,139.519216185649,NA,NA,6040,"ok",128,"128-dimensional","RKM__user_embeddings_128__k2__nf4"
"/content/drive/MyDrive/math252-project-colab-output/output/benchmark_cache/rkm_user_embeddings_128_k2_nf5.rds","RKM","user_embeddings_128",2,5,NA,201.667444229126,0.330156846018547,139.517451232062,NA,NA,6040,"ok",128,"128-dimensional","RKM__user_embeddings_128__k2__nf5"
"/content/drive/MyDrive/math252-project-colab-output/output/benchmark_cache/rkm_user_embeddings_128_k3_nf2.rds","RKM","user_embeddings_128",3,2,NA,186.85050702095,0.216648156955089,113.029906012128,NA,NA,6040,"ok",128,"128-dimensional","RKM__user_embeddings_128__k3__nf2"
"/content/drive/MyDrive/math252-project-colab-output/output/benchmark_cache/rkm_user_embeddings_128_k3_nf3.rds","RKM","user_embeddings_128",3,3,NA,199.618850946426,0.212969782740307,113.028701914233,NA,NA,6040,"ok",128,"128-dimensional","RKM__user_embeddings_128__k3__nf3"
"/content/drive/MyDrive/math252-project-colab-output/output/benchmark_cache/rkm_user_embeddings_128_k3_nf4.rds","RKM","user_embeddings_128",3,4,NA,218.604355812073,0.215290262325698,113.026968406492,NA,NA,6040,"ok",128,"128-dimensional","RKM__user_embeddings_128__k3__nf4"
"/content/drive/MyDrive/math252-project-colab-output/output/benchmark_cache/rkm_user_embeddings_128_k3_nf5.rds","RKM","user_embeddings_128",3,5,NA,239.21426820755,0.209923698599955,113.02681603319,NA,NA,6040,"ok",128,"128-dimensional","RKM__user_embeddings_128__k3__nf5"
"/content/drive/MyDrive/math252-project-colab-output/output/benchmark_cache/rkm_user_embeddings_128_k4_nf2.rds","RKM","user_embeddings_128",4,2,NA,448.538949728012,-0.0123852999575528,90.8258504612257,NA,NA,6040,"ok",128,"128-dimensional","RKM__user_embeddings_128__k4__nf2"
"/content/drive/MyDrive/math252-project-colab-output/output/benchmark_cache/rkm_user_embeddings_128_k4_nf3.rds","RKM","user_embeddings_128",4,3,NA,421.831568956375,-0.0110402543708491,91.2682353095214,NA,NA,6040,"ok",128,"128-dimensional","RKM__user_embeddings_128__k4__nf3"
"/content/drive/MyDrive/math252-project-colab-output/output/benchmark_cache/rkm_user_embeddings_128_k4_nf4.rds","RKM","user_embeddings_128",4,4,NA,452.020285844803,-0.00881992752406859,91.2050839526365,NA,NA,6040,"ok",128,"128-dimensional","RKM__user_embeddings_128__k4__nf4"
"/content/drive/MyDrive/math252-project-colab-output/output/benchmark_cache/rkm_user_embeddings_128_k4_nf5.rds","RKM","user_embeddings_128",4,5,NA,471.512196779251,-0.0115665598568095,91.2120572930265,NA,NA,6040,"ok",128,"128-dimensional","RKM__user_embeddings_128__k4__nf5"
"/content/drive/MyDrive/math252-project-colab-output/output/benchmark_cache/rkm_user_embeddings_128_k5_nf2.rds","RKM","user_embeddings_128",5,2,NA,646.929418087006,0.136094795478181,78.3270436480861,NA,NA,6040,"ok",128,"128-dimensional","RKM__user_embeddings_128__k5__nf2"
"/content/drive/MyDrive/math252-project-colab-output/output/benchmark_cache/rkm_user_embeddings_128_k5_nf3.rds","RKM","user_embeddings_128",5,3,NA,522.910442113876,0.130246027590743,78.9590926986252,NA,NA,6040,"ok",128,"128-dimensional","RKM__user_embeddings_128__k5__nf3"
"/content/drive/MyDrive/math252-project-colab-output/output/benchmark_cache/rkm_user_embeddings_128_k5_nf4.rds","RKM","user_embeddings_128",5,4,NA,555.860205173492,0.131623219162585,79.1934889049736,NA,NA,6040,"ok",128,"128-dimensional","RKM__user_embeddings_128__k5__nf4"
"/content/drive/MyDrive/math252-project-colab-output/output/benchmark_cache/rkm_user_embeddings_128_k5_nf5.rds","RKM","user_embeddings_128",5,5,NA,628.593357563019,0.149890947573574,79.2514033388532,NA,NA,6040,"ok",128,"128-dimensional","RKM__user_embeddings_128__k5__nf5"
"/content/drive/MyDrive/math252-project-colab-output/output/benchmark_cache/rkm_user_embeddings_128_k6_nf2.rds","RKM","user_embeddings_128",6,2,NA,843.18749666214,0.0898018096066095,68.2874049995739,NA,NA,6040,"ok",128,"128-dimensional","RKM__user_embeddings_128__k6__nf2"
"/content/drive/MyDrive/math252-project-colab-output/output/benchmark_cache/rkm_user_embeddings_128_k6_nf3.rds","RKM","user_embeddings_128",6,3,NA,1254.25492691994,-0.019184983229984,70.1182393265255,NA,NA,6040,"ok",128,"128-dimensional","RKM__user_embeddings_128__k6__nf3"
"/content/drive/MyDrive/math252-project-colab-output/output/benchmark_cache/rkm_user_embeddings_128_k6_nf4.rds","RKM","user_embeddings_128",6,4,NA,935.61364030838,-0.0228659359169798,70.8590786293746,NA,NA,6040,"ok",128,"128-dimensional","RKM__user_embeddings_128__k6__nf4"
"/content/drive/MyDrive/math252-project-colab-output/output/benchmark_cache/rkm_user_embeddings_128_k6_nf5.rds","RKM","user_embeddings_128",6,5,NA,978.896096944809,-0.0198044139566478,71.0125385450293,NA,NA,6040,"ok",128,"128-dimensional","RKM__user_embeddings_128__k6__nf5"
"/content/drive/MyDrive/math252-project-colab-output/output/benchmark_cache/rkm_user_embeddings_128_k7_nf2.rds","RKM","user_embeddings_128",7,2,NA,1108.99636173248,0.0864784703950242,60.6443308298327,NA,NA,6040,"ok",128,"128-dimensional","RKM__user_embeddings_128__k7__nf2"
"/content/drive/MyDrive/math252-project-colab-output/output/benchmark_cache/rkm_user_embeddings_128_k7_nf3.rds","RKM","user_embeddings_128",7,3,NA,2274.95335745811,-0.0367156176522128,62.5117422248309,NA,NA,6040,"ok",128,"128-dimensional","RKM__user_embeddings_128__k7__nf3"
"/content/drive/MyDrive/math252-project-colab-output/output/benchmark_cache/rkm_user_embeddings_128_k7_nf4.rds","RKM","user_embeddings_128",7,4,NA,753.71683382988,-0.022058938149255,63.444190624888,NA,NA,6040,"ok",128,"128-dimensional","RKM__user_embeddings_128__k7__nf4"
"/content/drive/MyDrive/math252-project-colab-output/output/benchmark_cache/rkm_user_embeddings_128_k7_nf5.rds","RKM","user_embeddings_128",7,5,NA,640.249001264572,-0.0305672533829618,63.9055059878512,NA,NA,6040,"ok",128,"128-dimensional","RKM__user_embeddings_128__k7__nf5"
"/content/drive/MyDrive/math252-project-colab-output/output/benchmark_cache/rkm_user_embeddings_128_k8_nf2.rds","RKM","user_embeddings_128",8,2,NA,1169.944647789,-0.0459131823742423,54.9875326896547,NA,NA,6040,"ok",128,"128-dimensional","RKM__user_embeddings_128__k8__nf2"
"/content/drive/MyDrive/math252-project-colab-output/output/benchmark_cache/rkm_user_embeddings_128_k8_nf3.rds","RKM","user_embeddings_128",8,3,NA,1874.71521687508,-0.0421678318385123,56.7487705229859,NA,NA,6040,"ok",128,"128-dimensional","RKM__user_embeddings_128__k8__nf3"
"/content/drive/MyDrive/math252-project-colab-output/output/benchmark_cache/rkm_user_embeddings_128_k8_nf4.rds","RKM","user_embeddings_128",8,4,NA,1570.95772123337,-0.0508133847495185,57.7202135050793,NA,NA,6040,"ok",128,"128-dimensional","RKM__user_embeddings_128__k8__nf4"
"/content/drive/MyDrive/math252-project-colab-output/output/benchmark_cache/rkm_user_embeddings_128_k8_nf5.rds","RKM","user_embeddings_128",8,5,NA,645.199033021927,-0.0474455243225831,58.083899925642,NA,NA,6040,"ok",128,"128-dimensional","RKM__user_embeddings_128__k8__nf5"
"/content/drive/MyDrive/math252-project-colab-output/output/benchmark_cache/rkm_user_embeddings_256_k2_nf2.rds","RKM","user_embeddings_256",2,2,NA,214.522421598434,0.289442017446714,111.245938618807,NA,NA,6040,"ok",256,"256-dimensional","RKM__user_embeddings_256__k2__nf2"
"/content/drive/MyDrive/math252-project-colab-output/output/benchmark_cache/rkm_user_embeddings_256_k2_nf3.rds","RKM","user_embeddings_256",2,3,NA,228.502599000931,0.289442017446714,111.245938618807,NA,NA,6040,"ok",256,"256-dimensional","RKM__user_embeddings_256__k2__nf3"
"/content/drive/MyDrive/math252-project-colab-output/output/benchmark_cache/rkm_user_embeddings_256_k2_nf4.rds","RKM","user_embeddings_256",2,4,NA,228.738316059113,0.289618882143867,111.248257543072,NA,NA,6040,"ok",256,"256-dimensional","RKM__user_embeddings_256__k2__nf4"
"/content/drive/MyDrive/math252-project-colab-output/output/benchmark_cache/rkm_user_embeddings_256_k2_nf5.rds","RKM","user_embeddings_256",2,5,NA,257.643930673599,0.289824223365742,111.2485390559,NA,NA,6040,"ok",256,"256-dimensional","RKM__user_embeddings_256__k2__nf5"
"/content/drive/MyDrive/math252-project-colab-output/output/benchmark_cache/rkm_user_embeddings_256_k3_nf2.rds","RKM","user_embeddings_256",3,2,NA,301.559513092041,0.178131370252292,91.76015768283,NA,NA,6040,"ok",256,"256-dimensional","RKM__user_embeddings_256__k3__nf2"
"/content/drive/MyDrive/math252-project-colab-output/output/benchmark_cache/rkm_user_embeddings_256_k3_nf3.rds","RKM","user_embeddings_256",3,3,NA,323.910809278488,0.179953962798061,91.75044560402,NA,NA,6040,"ok",256,"256-dimensional","RKM__user_embeddings_256__k3__nf3"
"/content/drive/MyDrive/math252-project-colab-output/output/benchmark_cache/rkm_user_embeddings_256_k3_nf4.rds","RKM","user_embeddings_256",3,4,NA,325.808424949646,0.17751934520963,91.7503542394863,NA,NA,6040,"ok",256,"256-dimensional","RKM__user_embeddings_256__k3__nf4"
"/content/drive/MyDrive/math252-project-colab-output/output/benchmark_cache/rkm_user_embeddings_256_k3_nf5.rds","RKM","user_embeddings_256",3,5,NA,333.560394048691,0.178669290508151,91.7567074112269,NA,NA,6040,"ok",256,"256-dimensional","RKM__user_embeddings_256__k3__nf5"
"/content/drive/MyDrive/math252-project-colab-output/output/benchmark_cache/rkm_user_embeddings_256_k4_nf2.rds","RKM","user_embeddings_256",4,2,NA,394.833272218704,0.150805966127233,74.0543429619318,NA,NA,6040,"ok",256,"256-dimensional","RKM__user_embeddings_256__k4__nf2"
"/content/drive/MyDrive/math252-project-colab-output/output/benchmark_cache/rkm_user_embeddings_256_k4_nf3.rds","RKM","user_embeddings_256",4,3,NA,561.489998817444,0.0198443868061449,74.8150745211378,NA,NA,6040,"ok",256,"256-dimensional","RKM__user_embeddings_256__k4__nf3"
"/content/drive/MyDrive/math252-project-colab-output/output/benchmark_cache/rkm_user_embeddings_256_k4_nf4.rds","RKM","user_embeddings_256",4,4,NA,579.881628513336,0.0319697751749727,74.8033557799428,NA,NA,6040,"ok",256,"256-dimensional","RKM__user_embeddings_256__k4__nf4"
"/content/drive/MyDrive/math252-project-colab-output/output/benchmark_cache/rkm_user_embeddings_256_k4_nf5.rds","RKM","user_embeddings_256",4,5,NA,602.747790575027,0.030658065494102,74.7948393490869,NA,NA,6040,"ok",256,"256-dimensional","RKM__user_embeddings_256__k4__nf5"
"/content/drive/MyDrive/math252-project-colab-output/output/benchmark_cache/rkm_user_embeddings_256_k5_nf2.rds","RKM","user_embeddings_256",5,2,NA,865.350668430328,0.117870353975529,64.1219756861567,NA,NA,6040,"ok",256,"256-dimensional","RKM__user_embeddings_256__k5__nf2"
"/content/drive/MyDrive/math252-project-colab-output/output/benchmark_cache/rkm_user_embeddings_256_k5_nf3.rds","RKM","user_embeddings_256",5,3,NA,553.90563082695,0.130871349415283,64.7598734670772,NA,NA,6040,"ok",256,"256-dimensional","RKM__user_embeddings_256__k5__nf3"
"/content/drive/MyDrive/math252-project-colab-output/output/benchmark_cache/rkm_user_embeddings_256_k5_nf4.rds","RKM","user_embeddings_256",5,4,NA,691.450033426285,0.118677666826508,64.9717224821097,NA,NA,6040,"ok",256,"256-dimensional","RKM__user_embeddings_256__k5__nf4"
"/content/drive/MyDrive/math252-project-colab-output/output/benchmark_cache/rkm_user_embeddings_256_k5_nf5.rds","RKM","user_embeddings_256",5,5,NA,705.961370706558,0.118842634207003,64.9923945310276,NA,NA,6040,"ok",256,"256-dimensional","RKM__user_embeddings_256__k5__nf5"
"/content/drive/MyDrive/math252-project-colab-output/output/benchmark_cache/rkm_user_embeddings_256_k6_nf2.rds","RKM","user_embeddings_256",6,2,NA,787.214646577835,0.123708744801097,56.6111121847843,NA,NA,6040,"ok",256,"256-dimensional","RKM__user_embeddings_256__k6__nf2"
"/content/drive/MyDrive/math252-project-colab-output/output/benchmark_cache/rkm_user_embeddings_256_k6_nf3.rds","RKM","user_embeddings_256",6,3,NA,1073.71568226814,0.112506990305034,57.2032139033994,NA,NA,6040,"ok",256,"256-dimensional","RKM__user_embeddings_256__k6__nf3"
"/content/drive/MyDrive/math252-project-colab-output/output/benchmark_cache/rkm_user_embeddings_256_k6_nf4.rds","RKM","user_embeddings_256",6,4,NA,876.583834171295,0.112694763999002,57.4085115152311,NA,NA,6040,"ok",256,"256-dimensional","RKM__user_embeddings_256__k6__nf4"
"/content/drive/MyDrive/math252-project-colab-output/output/benchmark_cache/rkm_user_embeddings_256_k6_nf5.rds","RKM","user_embeddings_256",6,5,NA,644.481554031372,0.115101146501096,57.5300068232359,NA,NA,6040,"ok",256,"256-dimensional","RKM__user_embeddings_256__k6__nf5"
"/content/drive/MyDrive/math252-project-colab-output/output/benchmark_cache/rkm_user_embeddings_256_k7_nf2.rds","RKM","user_embeddings_256",7,2,NA,1302.61357855797,-0.0280173275971032,50.3553717233082,NA,NA,6040,"ok",256,"256-dimensional","RKM__user_embeddings_256__k7__nf2"
"/content/drive/MyDrive/math252-project-colab-output/output/benchmark_cache/rkm_user_embeddings_256_k7_nf3.rds","RKM","user_embeddings_256",7,3,NA,1850.18878054619,-0.0215182436381225,51.2169582849863,NA,NA,6040,"ok",256,"256-dimensional","RKM__user_embeddings_256__k7__nf3"
"/content/drive/MyDrive/math252-project-colab-output/output/benchmark_cache/rkm_user_embeddings_256_k7_nf4.rds","RKM","user_embeddings_256",7,4,NA,950.004203557968,-0.0448460839484028,51.6699149998097,NA,NA,6040,"ok",256,"256-dimensional","RKM__user_embeddings_256__k7__nf4"
"/content/drive/MyDrive/math252-project-colab-output/output/benchmark_cache/rkm_user_embeddings_256_k7_nf5.rds","RKM","user_embeddings_256",7,5,NA,724.205634117126,-0.0440556146743885,51.8379084696311,NA,NA,6040,"ok",256,"256-dimensional","RKM__user_embeddings_256__k7__nf5"
"/content/drive/MyDrive/math252-project-colab-output/output/benchmark_cache/rkm_user_embeddings_256_k8_nf2.rds","RKM","user_embeddings_256",8,2,NA,1721.65337777138,-0.031610778515016,45.2427450280139,NA,NA,6040,"ok",256,"256-dimensional","RKM__user_embeddings_256__k8__nf2"
"/content/drive/MyDrive/math252-project-colab-output/output/benchmark_cache/rkm_user_embeddings_256_k8_nf3.rds","RKM","user_embeddings_256",8,3,NA,1925.51307845116,0.0142089240499342,46.4041074620928,NA,NA,6040,"ok",256,"256-dimensional","RKM__user_embeddings_256__k8__nf3"
"/content/drive/MyDrive/math252-project-colab-output/output/benchmark_cache/rkm_user_embeddings_256_k8_nf4.rds","RKM","user_embeddings_256",8,4,NA,1844.66481685638,0.00313316369683992,46.8725611205208,NA,NA,6040,"ok",256,"256-dimensional","RKM__user_embeddings_256__k8__nf4"
"/content/drive/MyDrive/math252-project-colab-output/output/benchmark_cache/rkm_user_embeddings_256_k8_nf5.rds","RKM","user_embeddings_256",8,5,NA,1012.62249946594,0.0500430074717453,47.3312362311362,NA,NA,6040,"ok",256,"256-dimensional","RKM__user_embeddings_256__k8__nf5"
"/content/drive/MyDrive/math252-project-colab-output/output/benchmark_results/fpdc_user_embeddings_64_k2_nf2_nu6.rds","FPDC","user_embeddings_64",2,2,6,8283.30036520958,0.00874700974294058,51.7807322751375,0.101159622842142,NA,6040,"ok",64,"64-dimensional","FPDC__user_embeddings_64__k2__nf2__nu6"
"/content/drive/MyDrive/math252-project-colab-output/output/benchmark_results/fpdc_user_embeddings_64_k2_nf2_nu10.rds","FPDC","user_embeddings_64",2,2,10,2809.44645881653,0.00874700974294058,51.7807322751375,0.101159622842142,NA,6040,"ok",64,"64-dimensional","FPDC__user_embeddings_64__k2__nf2__nu10"
"/content/drive/MyDrive/math252-project-colab-output/output/benchmark_results/fpdc_user_embeddings_64_k2_nf3_nu6.rds","FPDC","user_embeddings_64",2,3,6,323.633660554886,0.0116361260314132,71.6947208007553,0.131981351708337,NA,6040,"ok",64,"64-dimensional","FPDC__user_embeddings_64__k2__nf3__nu6"
"/content/drive/MyDrive/math252-project-colab-output/output/benchmark_results/fpdc_user_embeddings_64_k2_nf3_nu10.rds","FPDC","user_embeddings_64",2,3,10,106.370923042297,0.0116457025039317,71.6928727640071,0.13198132946766,NA,6040,"ok",64,"64-dimensional","FPDC__user_embeddings_64__k2__nf3__nu10"
"/content/drive/MyDrive/math252-project-colab-output/output/benchmark_results/fpdc_user_embeddings_64_k2_nf4_nu6.rds","FPDC","user_embeddings_64",2,4,6,241.741120815277,0.0117828686381743,70.5456811326737,0.142657897700551,NA,6040,"ok",64,"64-dimensional","FPDC__user_embeddings_64__k2__nf4__nu6"
"/content/drive/MyDrive/math252-project-colab-output/output/benchmark_results/fpdc_user_embeddings_64_k2_nf4_nu10.rds","FPDC","user_embeddings_64",2,4,10,77.7625889778137,0.0116710531254174,69.93305969098,0.142655954377564,NA,6040,"ok",64,"64-dimensional","FPDC__user_embeddings_64__k2__nf4__nu10"
"/content/drive/MyDrive/math252-project-colab-output/output/benchmark_results/fpdc_user_embeddings_64_k2_nf5_nu6.rds","FPDC","user_embeddings_64",2,5,6,237.633079528809,0.0103553547890521,58.5202695075415,0.136881556161553,NA,6040,"ok",64,"64-dimensional","FPDC__user_embeddings_64__k2__nf5__nu6"
"/content/drive/MyDrive/math252-project-colab-output/output/benchmark_results/fpdc_user_embeddings_64_k2_nf5_nu10.rds","FPDC","user_embeddings_64",2,5,10,77.0606303215027,0.0102472499031129,57.3005349985164,0.136821384233397,NA,6040,"ok",64,"64-dimensional","FPDC__user_embeddings_64__k2__nf5__nu10"
"/content/drive/MyDrive/math252-project-colab-output/output/benchmark_results/fpdc_user_embeddings_64_k3_nf2_nu6.rds","FPDC","user_embeddings_64",3,2,6,174.161338567734,-0.0707888250634991,78.9942716001341,0.134517283270537,NA,6040,"ok",64,"64-dimensional","FPDC__user_embeddings_64__k3__nf2__nu6"
"/content/drive/MyDrive/math252-project-colab-output/output/benchmark_results/fpdc_user_embeddings_64_k3_nf2_nu10.rds","FPDC","user_embeddings_64",3,2,10,61.0804114341736,-0.0707888250634991,78.9942716001341,0.134517283270549,NA,6040,"ok",64,"64-dimensional","FPDC__user_embeddings_64__k3__nf2__nu10"
"/content/drive/MyDrive/math252-project-colab-output/output/benchmark_results/fpdc_user_embeddings_64_k3_nf3_nu6.rds","FPDC","user_embeddings_64",3,3,6,175.693766117096,-0.0238677550013152,81.9507465683614,0.112659245599391,NA,6040,"ok",64,"64-dimensional","FPDC__user_embeddings_64__k3__nf3__nu6"
"/content/drive/MyDrive/math252-project-colab-output/output/benchmark_results/fpdc_user_embeddings_64_k3_nf3_nu10.rds","FPDC","user_embeddings_64",3,3,10,55.2837052345276,-0.00631081287049909,91.2659632929664,0.111939058590632,NA,6040,"ok",64,"64-dimensional","FPDC__user_embeddings_64__k3__nf3__nu10"
"/content/drive/MyDrive/math252-project-colab-output/output/benchmark_results/fpdc_user_embeddings_64_k3_nf4_nu6.rds","FPDC","user_embeddings_64",3,4,6,160.377228021622,0.0144529211976226,67.0697233083627,0.121701829014445,NA,6040,"ok",64,"64-dimensional","FPDC__user_embeddings_64__k3__nf4__nu6"
"/content/drive/MyDrive/math252-project-colab-output/output/benchmark_results/fpdc_user_embeddings_64_k3_nf4_nu10.rds","FPDC","user_embeddings_64",3,4,10,52.8401019573212,0.00556786057817198,60.3726634170773,0.0819738393067921,NA,6040,"ok",64,"64-dimensional","FPDC__user_embeddings_64__k3__nf4__nu10"
"/content/drive/MyDrive/math252-project-colab-output/output/benchmark_results/fpdc_user_embeddings_64_k3_nf5_nu6.rds","FPDC","user_embeddings_64",3,5,6,157.58700299263,0.00332329174246153,53.3209803127306,0.107680423985779,NA,6040,"ok",64,"64-dimensional","FPDC__user_embeddings_64__k3__nf5__nu6"
"/content/drive/MyDrive/math252-project-colab-output/output/benchmark_results/fpdc_user_embeddings_64_k3_nf5_nu10.rds","FPDC","user_embeddings_64",3,5,10,53.3833892345428,0.00677542074030113,56.7767505987434,0.123660093954345,NA,6040,"ok",64,"64-dimensional","FPDC__user_embeddings_64__k3__nf5__nu10"
"/content/drive/MyDrive/math252-project-colab-output/output/benchmark_results/fpdc_user_embeddings_64_k4_nf2_nu6.rds","FPDC","user_embeddings_64",4,2,6,174.607178926468,-0.113051596779778,61.76993229255,0.127618569816384,NA,6040,"ok",64,"64-dimensional","FPDC__user_embeddings_64__k4__nf2__nu6"
"/content/drive/MyDrive/math252-project-colab-output/output/benchmark_results/fpdc_user_embeddings_64_k4_nf2_nu10.rds","FPDC","user_embeddings_64",4,2,10,60.6576917171478,-0.113051596779778,61.76993229255,0.127618569820212,NA,6040,"ok",64,"64-dimensional","FPDC__user_embeddings_64__k4__nf2__nu10"
"/content/drive/MyDrive/math252-project-colab-output/output/benchmark_results/fpdc_user_embeddings_64_k4_nf3_nu6.rds","FPDC","user_embeddings_64",4,3,6,170.674119234085,-0.0307247796197614,69.4224858065542,0.108698174069749,NA,6040,"ok",64,"64-dimensional","FPDC__user_embeddings_64__k4__nf3__nu6"
"/content/drive/MyDrive/math252-project-colab-output/output/benchmark_results/fpdc_user_embeddings_64_k4_nf3_nu10.rds","FPDC","user_embeddings_64",4,3,10,62.5955495834351,-0.0170409228897332,73.2577763160302,0.070432958384119,NA,6040,"ok",64,"64-dimensional","FPDC__user_embeddings_64__k4__nf3__nu10"
"/content/drive/MyDrive/math252-project-colab-output/output/benchmark_results/fpdc_user_embeddings_64_k4_nf4_nu6.rds","FPDC","user_embeddings_64",4,4,6,163.151654005051,0.0111402901517993,40.3331663674575,0.121182389012938,NA,6040,"ok",64,"64-dimensional","FPDC__user_embeddings_64__k4__nf4__nu6"
"/content/drive/MyDrive/math252-project-colab-output/output/benchmark_results/fpdc_user_embeddings_64_k4_nf4_nu10.rds","FPDC","user_embeddings_64",4,4,10,52.3099737167358,0.0113884164157216,41.8088340994295,0.13905918639996,NA,6040,"ok",64,"64-dimensional","FPDC__user_embeddings_64__k4__nf4__nu10"
"/content/drive/MyDrive/math252-project-colab-output/output/benchmark_results/fpdc_user_embeddings_64_k4_nf5_nu6.rds","FPDC","user_embeddings_64",4,5,6,160.435568571091,-0.00839075347316982,35.9704083663197,0.110340807638873,NA,6040,"ok",64,"64-dimensional","FPDC__user_embeddings_64__k4__nf5__nu6"
"/content/drive/MyDrive/math252-project-colab-output/output/benchmark_results/fpdc_user_embeddings_64_k4_nf5_nu10.rds","FPDC","user_embeddings_64",4,5,10,55.0735294818878,-0.0127589761779798,38.9246825474357,0.0966296813909643,NA,6040,"ok",64,"64-dimensional","FPDC__user_embeddings_64__k4__nf5__nu10"
"/content/drive/MyDrive/math252-project-colab-output/output/benchmark_results/fpdc_user_embeddings_64_k5_nf2_nu6.rds","FPDC","user_embeddings_64",5,2,6,200.155212402344,-0.10160041473116,51.9966839821794,0.119729389922949,NA,6040,"ok",64,"64-dimensional","FPDC__user_embeddings_64__k5__nf2__nu6"
"/content/drive/MyDrive/math252-project-colab-output/output/benchmark_results/fpdc_user_embeddings_64_k5_nf2_nu10.rds","FPDC","user_embeddings_64",5,2,10,76.4774129390717,-0.0998424750093235,51.9890524739075,0.118784015069017,NA,6040,"ok",64,"64-dimensional","FPDC__user_embeddings_64__k5__nf2__nu10"
"/content/drive/MyDrive/math252-project-colab-output/output/benchmark_results/fpdc_user_embeddings_64_k5_nf3_nu6.rds","FPDC","user_embeddings_64",5,3,6,177.714622020721,-0.126077605147043,53.0807865587958,0.079355524242979,NA,6040,"ok",64,"64-dimensional","FPDC__user_embeddings_64__k5__nf3__nu6"
"/content/drive/MyDrive/math252-project-colab-output/output/benchmark_results/fpdc_user_embeddings_64_k5_nf3_nu10.rds","FPDC","user_embeddings_64",5,3,10,60.1337289810181,-0.0370306528578124,58.7434534950662,0.0975846417902893,NA,6040,"ok",64,"64-dimensional","FPDC__user_embeddings_64__k5__nf3__nu10"
"/content/drive/MyDrive/math252-project-colab-output/output/benchmark_results/fpdc_user_embeddings_64_k5_nf4_nu6.rds","FPDC","user_embeddings_64",5,4,6,165.14640545845,-0.000515230743435252,40.0073741096917,0.0709281928514232,NA,6040,"ok",64,"64-dimensional","FPDC__user_embeddings_64__k5__nf4__nu6"
"/content/drive/MyDrive/math252-project-colab-output/output/benchmark_results/fpdc_user_embeddings_64_k5_nf4_nu10.rds","FPDC","user_embeddings_64",5,4,10,53.914139509201,0.0122993527296295,32.1181308206001,0.142255367137475,NA,6040,"ok",64,"64-dimensional","FPDC__user_embeddings_64__k5__nf4__nu10"
"/content/drive/MyDrive/math252-project-colab-output/output/benchmark_results/fpdc_user_embeddings_64_k5_nf5_nu6.rds","FPDC","user_embeddings_64",5,5,6,163.142227172852,-0.0197079744183936,25.7059867946278,0.0702821112128495,NA,6040,"ok",64,"64-dimensional","FPDC__user_embeddings_64__k5__nf5__nu6"
"/content/drive/MyDrive/math252-project-colab-output/output/benchmark_results/fpdc_user_embeddings_64_k5_nf5_nu10.rds","FPDC","user_embeddings_64",5,5,10,56.235716342926,-0.0171480274921899,27.9206958487398,0.10764626061789,NA,6040,"ok",64,"64-dimensional","FPDC__user_embeddings_64__k5__nf5__nu10"
"/content/drive/MyDrive/math252-project-colab-output/output/benchmark_results/fpdc_user_embeddings_64_k6_nf2_nu6.rds","FPDC","user_embeddings_64",6,2,6,179.707492589951,-0.162133467235341,43.9353151930462,0.128960883346062,NA,6040,"ok",64,"64-dimensional","FPDC__user_embeddings_64__k6__nf2__nu6"
"/content/drive/MyDrive/math252-project-colab-output/output/benchmark_results/fpdc_user_embeddings_64_k6_nf2_nu10.rds","FPDC","user_embeddings_64",6,2,10,67.0526080131531,-0.139922493587808,44.1878755917967,0.0958302882754396,NA,6040,"ok",64,"64-dimensional","FPDC__user_embeddings_64__k6__nf2__nu10"
"/content/drive/MyDrive/math252-project-colab-output/output/benchmark_results/fpdc_user_embeddings_64_k6_nf3_nu6.rds","FPDC","user_embeddings_64",6,3,6,218.332458019257,-0.187174529315079,45.237634486589,0.0870002668950633,NA,6040,"ok",64,"64-dimensional","FPDC__user_embeddings_64__k6__nf3__nu6"
"/content/drive/MyDrive/math252-project-colab-output/output/benchmark_results/fpdc_user_embeddings_64_k6_nf3_nu10.rds","FPDC","user_embeddings_64",6,3,10,67.1995313167572,-0.185024360158388,45.5399223911043,0.0894173501366009,NA,6040,"ok",64,"64-dimensional","FPDC__user_embeddings_64__k6__nf3__nu10"
"/content/drive/MyDrive/math252-project-colab-output/output/benchmark_results/fpdc_user_embeddings_64_k6_nf4_nu6.rds","FPDC","user_embeddings_64",6,4,6,166.320800542831,0.00800175174386136,26.7983623300716,0.120665778225336,NA,6040,"ok",64,"64-dimensional","FPDC__user_embeddings_64__k6__nf4__nu6"
"/content/drive/MyDrive/math252-project-colab-output/output/benchmark_results/fpdc_user_embeddings_64_k6_nf4_nu10.rds","FPDC","user_embeddings_64",6,4,10,55.154593706131,-0.00156200476899455,32.9230920912029,0.0926117044843062,NA,6040,"ok",64,"64-dimensional","FPDC__user_embeddings_64__k6__nf4__nu10"
"/content/drive/MyDrive/math252-project-colab-output/output/benchmark_results/fpdc_user_embeddings_64_k6_nf5_nu6.rds","FPDC","user_embeddings_64",6,5,6,166.609897136688,-0.0307490014761222,18.9240161708416,0.058065949499022,NA,6040,"ok",64,"64-dimensional","FPDC__user_embeddings_64__k6__nf5__nu6"
"/content/drive/MyDrive/math252-project-colab-output/output/benchmark_results/fpdc_user_embeddings_64_k6_nf5_nu10.rds","FPDC","user_embeddings_64",6,5,10,59.9777820110321,-0.0387448970447435,18.324751900962,0.0838122540065899,NA,6040,"ok",64,"64-dimensional","FPDC__user_embeddings_64__k6__nf5__nu10"
"/content/drive/MyDrive/math252-project-colab-output/output/benchmark_results/fpdc_user_embeddings_64_k7_nf2_nu10.rds","FPDC","user_embeddings_64",7,2,10,84.8501889705658,-0.158557665503827,38.3670090252838,0.121756451252818,NA,6040,"ok",64,"64-dimensional","FPDC__user_embeddings_64__k7__nf2__nu10"
"/content/drive/MyDrive/math252-project-colab-output/output/benchmark_results/fpdc_user_embeddings_64_k7_nf3_nu6.rds","FPDC","user_embeddings_64",7,3,6,191.0452439785,-0.181601704947758,39.1951760992587,0.0709221611576419,NA,6040,"ok",64,"64-dimensional","FPDC__user_embeddings_64__k7__nf3__nu6"
"/content/drive/MyDrive/math252-project-colab-output/output/benchmark_results/fpdc_user_embeddings_64_k7_nf3_nu10.rds","FPDC","user_embeddings_64",7,3,10,74.019336938858,-0.213304035953482,38.3009503898944,0.102481620788417,NA,6040,"ok",64,"64-dimensional","FPDC__user_embeddings_64__k7__nf3__nu10"
"/content/drive/MyDrive/math252-project-colab-output/output/benchmark_results/fpdc_user_embeddings_64_k7_nf4_nu6.rds","FPDC","user_embeddings_64",7,4,6,169.586717605591,-0.0234292194885023,28.9723742014305,0.089757180828012,NA,6040,"ok",64,"64-dimensional","FPDC__user_embeddings_64__k7__nf4__nu6"
"/content/drive/MyDrive/math252-project-colab-output/output/benchmark_results/fpdc_user_embeddings_64_k7_nf4_nu10.rds","FPDC","user_embeddings_64",7,4,10,61.4550013542175,-0.0295562171928628,27.8133979606201,0.105059549297546,NA,6040,"ok",64,"64-dimensional","FPDC__user_embeddings_64__k7__nf4__nu10"
"/content/drive/MyDrive/math252-project-colab-output/output/benchmark_results/fpdc_user_embeddings_64_k7_nf5_nu6.rds","FPDC","user_embeddings_64",7,5,6,164.371881484985,-0.0309794471973868,18.6376204251213,0.100121431765764,NA,6040,"ok",64,"64-dimensional","FPDC__user_embeddings_64__k7__nf5__nu6"
"/content/drive/MyDrive/math252-project-colab-output/output/benchmark_results/fpdc_user_embeddings_64_k7_nf5_nu10.rds","FPDC","user_embeddings_64",7,5,10,56.427588224411,-0.0465043946449592,17.117126324344,0.10936937474901,NA,6040,"ok",64,"64-dimensional","FPDC__user_embeddings_64__k7__nf5__nu10"
"/content/drive/MyDrive/math252-project-colab-output/output/benchmark_results/fpdc_user_embeddings_64_k8_nf2_nu10.rds","FPDC","user_embeddings_64",8,2,10,68.9809429645538,-0.16370717950297,34.546895249869,0.106513981218011,NA,6040,"ok",64,"64-dimensional","FPDC__user_embeddings_64__k8__nf2__nu10"
"/content/drive/MyDrive/math252-project-colab-output/output/benchmark_results/fpdc_user_embeddings_64_k8_nf3_nu6.rds","FPDC","user_embeddings_64",8,3,6,183.632043123245,-0.125937544082724,33.1925733822471,0.0725104649121094,NA,6040,"ok",64,"64-dimensional","FPDC__user_embeddings_64__k8__nf3__nu6"
"/content/drive/MyDrive/math252-project-colab-output/output/benchmark_results/fpdc_user_embeddings_64_k8_nf4_nu6.rds","FPDC","user_embeddings_64",8,4,6,168.859678268433,-0.00710836032643495,21.4654402863467,0.102863441452611,NA,6040,"ok",64,"64-dimensional","FPDC__user_embeddings_64__k8__nf4__nu6"
"/content/drive/MyDrive/math252-project-colab-output/output/benchmark_results/fpdc_user_embeddings_64_k8_nf4_nu10.rds","FPDC","user_embeddings_64",8,4,10,57.9628920555115,-0.00210806006794559,18.7672642306371,0.115733182837685,NA,6040,"ok",64,"64-dimensional","FPDC__user_embeddings_64__k8__nf4__nu10"
"/content/drive/MyDrive/math252-project-colab-output/output/benchmark_results/fpdc_user_embeddings_64_k8_nf5_nu6.rds","FPDC","user_embeddings_64",8,5,6,163.814958572388,-0.0646948617274717,12.4074607594974,0.0986560653692447,NA,6040,"ok",64,"64-dimensional","FPDC__user_embeddings_64__k8__nf5__nu6"
"/content/drive/MyDrive/math252-project-colab-output/output/benchmark_results/fpdc_user_embeddings_64_k8_nf5_nu10.rds","FPDC","user_embeddings_64",8,5,10,55.2809991836548,-0.0502968986097937,13.099601057134,0.079375406930379,NA,6040,"ok",64,"64-dimensional","FPDC__user_embeddings_64__k8__nf5__nu10"
"/content/drive/MyDrive/math252-project-colab-output/output/benchmark_results/fpdc_user_embeddings_128_k2_nf2_nu6.rds","FPDC","user_embeddings_128",2,2,6,8392.25748562813,0.00689539093365015,52.9110064755375,0.0843087601656593,NA,6040,"ok",128,"128-dimensional","FPDC__user_embeddings_128__k2__nf2__nu6"
"/content/drive/MyDrive/math252-project-colab-output/output/benchmark_results/fpdc_user_embeddings_128_k2_nf2_nu10.rds","FPDC","user_embeddings_128",2,2,10,2878.75540804863,0.00688098173084134,52.8481408869812,0.0843087641981102,NA,6040,"ok",128,"128-dimensional","FPDC__user_embeddings_128__k2__nf2__nu10"
"/content/drive/MyDrive/math252-project-colab-output/output/benchmark_results/fpdc_user_embeddings_128_k2_nf3_nu6.rds","FPDC","user_embeddings_128",2,3,6,8224.39001655579,0.00562413627762655,39.8710792971568,0.105163421347043,NA,6040,"ok",128,"128-dimensional","FPDC__user_embeddings_128__k2__nf3__nu6"
"/content/drive/MyDrive/math252-project-colab-output/output/benchmark_results/fpdc_user_embeddings_128_k2_nf3_nu10.rds","FPDC","user_embeddings_128",2,3,10,2808.35834550858,0.00563990082147555,39.93503374912,0.105164001398237,NA,6040,"ok",128,"128-dimensional","FPDC__user_embeddings_128__k2__nf3__nu10"
"/content/drive/MyDrive/math252-project-colab-output/output/benchmark_results/fpdc_user_embeddings_128_k2_nf4_nu6.rds","FPDC","user_embeddings_128",2,4,6,244.214180231094,0.00364604635391942,18.5129662254783,0.0855155211141068,NA,6040,"ok",128,"128-dimensional","FPDC__user_embeddings_128__k2__nf4__nu6"
"/content/drive/MyDrive/math252-project-colab-output/output/benchmark_results/fpdc_user_embeddings_128_k2_nf4_nu10.rds","FPDC","user_embeddings_128",2,4,10,78.100248336792,0.00362958909120418,19.2128009030786,0.0855658855742913,NA,6040,"ok",128,"128-dimensional","FPDC__user_embeddings_128__k2__nf4__nu10"
"/content/drive/MyDrive/math252-project-colab-output/output/benchmark_results/fpdc_user_embeddings_128_k2_nf5_nu6.rds","FPDC","user_embeddings_128",2,5,6,242.271801948547,0.00272139587046273,12.5816070398775,0.0948595678303034,NA,6040,"ok",128,"128-dimensional","FPDC__user_embeddings_128__k2__nf5__nu6"
"/content/drive/MyDrive/math252-project-colab-output/output/benchmark_results/fpdc_user_embeddings_128_k2_nf5_nu10.rds","FPDC","user_embeddings_128",2,5,10,80.8860671520233,0.00253509408090319,12.0355257007039,0.0950063771861486,NA,6040,"ok",128,"128-dimensional","FPDC__user_embeddings_128__k2__nf5__nu10"
"/content/drive/MyDrive/math252-project-colab-output/output/benchmark_results/fpdc_user_embeddings_128_k3_nf2_nu6.rds","FPDC","user_embeddings_128",3,2,6,172.124594449997,-0.0655542676363165,74.6389885937002,0.124539243128486,NA,6040,"ok",128,"128-dimensional","FPDC__user_embeddings_128__k3__nf2__nu6"
"/content/drive/MyDrive/math252-project-colab-output/output/benchmark_results/fpdc_user_embeddings_128_k3_nf2_nu10.rds","FPDC","user_embeddings_128",3,2,10,54.8448700904846,-0.0641056868512185,74.7950938037682,0.120460910776836,NA,6040,"ok",128,"128-dimensional","FPDC__user_embeddings_128__k3__nf2__nu10"
"/content/drive/MyDrive/math252-project-colab-output/output/benchmark_results/fpdc_user_embeddings_128_k3_nf3_nu6.rds","FPDC","user_embeddings_128",3,3,6,182.997536659241,-0.00473590063830076,76.722091218208,0.107859481019199,NA,6040,"ok",128,"128-dimensional","FPDC__user_embeddings_128__k3__nf3__nu6"
"/content/drive/MyDrive/math252-project-colab-output/output/benchmark_results/fpdc_user_embeddings_128_k3_nf3_nu10.rds","FPDC","user_embeddings_128",3,3,10,62.4882121086121,0.000192095688966341,75.8858634463093,0.098377177429967,NA,6040,"ok",128,"128-dimensional","FPDC__user_embeddings_128__k3__nf3__nu10"
"/content/drive/MyDrive/math252-project-colab-output/output/benchmark_results/fpdc_user_embeddings_128_k3_nf4_nu6.rds","FPDC","user_embeddings_128",3,4,6,162.206191778183,0.00305581237133642,49.4124465803779,0.0577483886730248,NA,6040,"ok",128,"128-dimensional","FPDC__user_embeddings_128__k3__nf4__nu6"
"/content/drive/MyDrive/math252-project-colab-output/output/benchmark_results/fpdc_user_embeddings_128_k3_nf4_nu10.rds","FPDC","user_embeddings_128",3,4,10,52.5472204685211,-0.00222224113775544,54.4580226991687,0.0787499367614166,NA,6040,"ok",128,"128-dimensional","FPDC__user_embeddings_128__k3__nf4__nu10"
"/content/drive/MyDrive/math252-project-colab-output/output/benchmark_results/fpdc_user_embeddings_128_k3_nf5_nu6.rds","FPDC","user_embeddings_128",3,5,6,160.395494937897,-0.00410029660677351,39.0538886163953,0.046029225562784,NA,6040,"ok",128,"128-dimensional","FPDC__user_embeddings_128__k3__nf5__nu6"
"/content/drive/MyDrive/math252-project-colab-output/output/benchmark_results/fpdc_user_embeddings_128_k3_nf5_nu10.rds","FPDC","user_embeddings_128",3,5,10,53.3486847877502,-0.0141095804028079,38.3426747093821,0.0473073880196483,NA,6040,"ok",128,"128-dimensional","FPDC__user_embeddings_128__k3__nf5__nu10"
"/content/drive/MyDrive/math252-project-colab-output/output/benchmark_results/fpdc_user_embeddings_128_k4_nf2_nu6.rds","FPDC","user_embeddings_128",4,2,6,188.159778594971,-0.115003012095943,56.4322420466999,0.136285789263069,NA,6040,"ok",128,"128-dimensional","FPDC__user_embeddings_128__k4__nf2__nu6"
"/content/drive/MyDrive/math252-project-colab-output/output/benchmark_results/fpdc_user_embeddings_128_k4_nf2_nu10.rds","FPDC","user_embeddings_128",4,2,10,69.076287984848,-0.114722241525199,56.5893063043462,0.135545505935668,NA,6040,"ok",128,"128-dimensional","FPDC__user_embeddings_128__k4__nf2__nu10"
"/content/drive/MyDrive/math252-project-colab-output/output/benchmark_results/fpdc_user_embeddings_128_k4_nf3_nu6.rds","FPDC","user_embeddings_128",4,3,6,185.642621040344,-0.0526374468724386,60.9563176274528,0.0780747012649195,NA,6040,"ok",128,"128-dimensional","FPDC__user_embeddings_128__k4__nf3__nu6"
"/content/drive/MyDrive/math252-project-colab-output/output/benchmark_results/fpdc_user_embeddings_128_k4_nf3_nu10.rds","FPDC","user_embeddings_128",4,3,10,63.99946641922,-0.0421462370280427,61.7979813635897,0.102640766347718,NA,6040,"ok",128,"128-dimensional","FPDC__user_embeddings_128__k4__nf3__nu10"
"/content/drive/MyDrive/math252-project-colab-output/output/benchmark_results/fpdc_user_embeddings_128_k4_nf4_nu6.rds","FPDC","user_embeddings_128",4,4,6,167.691937446594,-0.0312219662422573,32.2781713973498,0.063961435451565,NA,6040,"ok",128,"128-dimensional","FPDC__user_embeddings_128__k4__nf4__nu6"
"/content/drive/MyDrive/math252-project-colab-output/output/benchmark_results/fpdc_user_embeddings_128_k4_nf4_nu10.rds","FPDC","user_embeddings_128",4,4,10,57.2762656211853,-0.0292612688105806,33.696161432276,0.0570945287711345,NA,6040,"ok",128,"128-dimensional","FPDC__user_embeddings_128__k4__nf4__nu10"
"/content/drive/MyDrive/math252-project-colab-output/output/benchmark_results/fpdc_user_embeddings_128_k4_nf5_nu6.rds","FPDC","user_embeddings_128",4,5,6,165.61386179924,-0.00416356054429031,26.7946156540516,0.0469066194974969,NA,6040,"ok",128,"128-dimensional","FPDC__user_embeddings_128__k4__nf5__nu6"
"/content/drive/MyDrive/math252-project-colab-output/output/benchmark_results/fpdc_user_embeddings_128_k4_nf5_nu10.rds","FPDC","user_embeddings_128",4,5,10,52.8083508014679,-0.0190748053068998,23.7764725722919,0.0459663632086878,NA,6040,"ok",128,"128-dimensional","FPDC__user_embeddings_128__k4__nf5__nu10"
"/content/drive/MyDrive/math252-project-colab-output/output/benchmark_results/fpdc_user_embeddings_128_k5_nf2_nu6.rds","FPDC","user_embeddings_128",5,2,6,177.985825777054,-0.104863018823034,46.1150587549216,0.130227540355035,NA,6040,"ok",128,"128-dimensional","FPDC__user_embeddings_128__k5__nf2__nu6"
"/content/drive/MyDrive/math252-project-colab-output/output/benchmark_results/fpdc_user_embeddings_128_k5_nf2_nu10.rds","FPDC","user_embeddings_128",5,2,10,65.1493594646454,-0.121889018562399,45.8205112645321,0.129815438884796,NA,6040,"ok",128,"128-dimensional","FPDC__user_embeddings_128__k5__nf2__nu10"
"/content/drive/MyDrive/math252-project-colab-output/output/benchmark_results/fpdc_user_embeddings_128_k5_nf3_nu6.rds","FPDC","user_embeddings_128",5,3,6,179.973085641861,-0.201049805871906,44.7902283579635,0.128119687407192,NA,6040,"ok",128,"128-dimensional","FPDC__user_embeddings_128__k5__nf3__nu6"
"/content/drive/MyDrive/math252-project-colab-output/output/benchmark_results/fpdc_user_embeddings_128_k5_nf3_nu10.rds","FPDC","user_embeddings_128",5,3,10,69.341686964035,-0.0660456921515574,47.2815777929394,0.0928428164117951,NA,6040,"ok",128,"128-dimensional","FPDC__user_embeddings_128__k5__nf3__nu10"
"/content/drive/MyDrive/math252-project-colab-output/output/benchmark_results/fpdc_user_embeddings_128_k5_nf4_nu6.rds","FPDC","user_embeddings_128",5,4,6,165.272736310959,-0.00225071453396023,27.0937193395045,0.103825038987233,NA,6040,"ok",128,"128-dimensional","FPDC__user_embeddings_128__k5__nf4__nu6"
"/content/drive/MyDrive/math252-project-colab-output/output/benchmark_results/fpdc_user_embeddings_128_k5_nf4_nu10.rds","FPDC","user_embeddings_128",5,4,10,57.422527551651,-0.0280033267366165,27.1016563940117,0.0588305769556363,NA,6040,"ok",128,"128-dimensional","FPDC__user_embeddings_128__k5__nf4__nu10"
"/content/drive/MyDrive/math252-project-colab-output/output/benchmark_results/fpdc_user_embeddings_128_k5_nf5_nu6.rds","FPDC","user_embeddings_128",5,5,6,165.922972202301,-0.0137829443621104,20.2730357831894,0.0435993794841971,NA,6040,"ok",128,"128-dimensional","FPDC__user_embeddings_128__k5__nf5__nu6"
"/content/drive/MyDrive/math252-project-colab-output/output/benchmark_results/fpdc_user_embeddings_128_k5_nf5_nu10.rds","FPDC","user_embeddings_128",5,5,10,62.3620686531067,-0.0163362080121835,18.6149549481074,0.0406180390492209,NA,6040,"ok",128,"128-dimensional","FPDC__user_embeddings_128__k5__nf5__nu10"
"/content/drive/MyDrive/math252-project-colab-output/output/benchmark_results/fpdc_user_embeddings_128_k6_nf2_nu6.rds","FPDC","user_embeddings_128",6,2,6,186.662914514542,-0.116146422125255,39.6980279798768,0.108151052754114,NA,6040,"ok",128,"128-dimensional","FPDC__user_embeddings_128__k6__nf2__nu6"
"/content/drive/MyDrive/math252-project-colab-output/output/benchmark_results/fpdc_user_embeddings_128_k6_nf2_nu10.rds","FPDC","user_embeddings_128",6,2,10,76.5422987937927,-0.148054703044178,39.2487275360736,0.114297200218567,NA,6040,"ok",128,"128-dimensional","FPDC__user_embeddings_128__k6__nf2__nu10"
"/content/drive/MyDrive/math252-project-colab-output/output/benchmark_results/fpdc_user_embeddings_128_k6_nf3_nu6.rds","FPDC","user_embeddings_128",6,3,6,190.869461774826,-0.172622889042811,40.3169079938587,0.0976973712905034,NA,6040,"ok",128,"128-dimensional","FPDC__user_embeddings_128__k6__nf3__nu6"
"/content/drive/MyDrive/math252-project-colab-output/output/benchmark_results/fpdc_user_embeddings_128_k6_nf3_nu10.rds","FPDC","user_embeddings_128",6,3,10,70.5998041629791,-0.204140365826683,39.4552289674174,0.0860913964056099,NA,6040,"ok",128,"128-dimensional","FPDC__user_embeddings_128__k6__nf3__nu10"
"/content/drive/MyDrive/math252-project-colab-output/output/benchmark_results/fpdc_user_embeddings_128_k6_nf4_nu6.rds","FPDC","user_embeddings_128",6,4,6,171.135188579559,-0.0581470873039874,24.6660672569635,0.0650652258750086,NA,6040,"ok",128,"128-dimensional","FPDC__user_embeddings_128__k6__nf4__nu6"
"/content/drive/MyDrive/math252-project-colab-output/output/benchmark_results/fpdc_user_embeddings_128_k6_nf4_nu10.rds","FPDC","user_embeddings_128",6,4,10,62.7266674041748,-0.000461543600616658,20.9153210767396,0.0808122771507612,NA,6040,"ok",128,"128-dimensional","FPDC__user_embeddings_128__k6__nf4__nu10"
"/content/drive/MyDrive/math252-project-colab-output/output/benchmark_results/fpdc_user_embeddings_128_k6_nf5_nu6.rds","FPDC","user_embeddings_128",6,5,6,169.061306476593,-0.036832196651418,17.1945312004941,0.0455029684703007,NA,6040,"ok",128,"128-dimensional","FPDC__user_embeddings_128__k6__nf5__nu6"
"/content/drive/MyDrive/math252-project-colab-output/output/benchmark_results/fpdc_user_embeddings_128_k6_nf5_nu10.rds","FPDC","user_embeddings_128",6,5,10,55.6167304515839,-0.0116573439738083,15.0845489868336,0.0553110695601373,NA,6040,"ok",128,"128-dimensional","FPDC__user_embeddings_128__k6__nf5__nu10"
"/content/drive/MyDrive/math252-project-colab-output/output/benchmark_results/fpdc_user_embeddings_128_k7_nf2_nu6.rds","FPDC","user_embeddings_128",7,2,6,202.493077039719,-0.130621991321627,34.8716832982084,0.126043216430228,NA,6040,"ok",128,"128-dimensional","FPDC__user_embeddings_128__k7__nf2__nu6"
"/content/drive/MyDrive/math252-project-colab-output/output/benchmark_results/fpdc_user_embeddings_128_k7_nf3_nu6.rds","FPDC","user_embeddings_128",7,3,6,189.551194667816,-0.224200583796758,32.8983496799045,0.067841497252986,NA,6040,"ok",128,"128-dimensional","FPDC__user_embeddings_128__k7__nf3__nu6"
"/content/drive/MyDrive/math252-project-colab-output/output/benchmark_results/fpdc_user_embeddings_128_k7_nf3_nu10.rds","FPDC","user_embeddings_128",7,3,10,77.7984082698822,-0.238903698525601,33.8958602624466,0.100300327028909,NA,6040,"ok",128,"128-dimensional","FPDC__user_embeddings_128__k7__nf3__nu10"
"/content/drive/MyDrive/math252-project-colab-output/output/benchmark_results/fpdc_user_embeddings_128_k7_nf4_nu6.rds","FPDC","user_embeddings_128",7,4,6,173.215925216675,-0.046799391085229,21.2177191858487,0.0685578667286144,NA,6040,"ok",128,"128-dimensional","FPDC__user_embeddings_128__k7__nf4__nu6"
"/content/drive/MyDrive/math252-project-colab-output/output/benchmark_results/fpdc_user_embeddings_128_k7_nf4_nu10.rds","FPDC","user_embeddings_128",7,4,10,63.6841642856598,-0.0583845727018153,17.3100501989524,0.0676557828914215,NA,6040,"ok",128,"128-dimensional","FPDC__user_embeddings_128__k7__nf4__nu10"
"/content/drive/MyDrive/math252-project-colab-output/output/benchmark_results/fpdc_user_embeddings_128_k7_nf5_nu6.rds","FPDC","user_embeddings_128",7,5,6,171.46984577179,-0.0243857055937069,12.6783494995056,0.0593361271998753,NA,6040,"ok",128,"128-dimensional","FPDC__user_embeddings_128__k7__nf5__nu6"
"/content/drive/MyDrive/math252-project-colab-output/output/benchmark_results/fpdc_user_embeddings_128_k7_nf5_nu10.rds","FPDC","user_embeddings_128",7,5,10,59.2953968048096,-0.0278925895329354,13.2114794143511,0.0629066949764523,NA,6040,"ok",128,"128-dimensional","FPDC__user_embeddings_128__k7__nf5__nu10"
"/content/drive/MyDrive/math252-project-colab-output/output/benchmark_results/fpdc_user_embeddings_128_k8_nf2_nu6.rds","FPDC","user_embeddings_128",8,2,6,196.246366739273,-0.145298659991156,33.2866151739653,0.0805189411084371,NA,6040,"ok",128,"128-dimensional","FPDC__user_embeddings_128__k8__nf2__nu6"
"/content/drive/MyDrive/math252-project-colab-output/output/benchmark_results/fpdc_user_embeddings_128_k8_nf2_nu10.rds","FPDC","user_embeddings_128",8,2,10,82.2454233169556,-0.116501833755289,31.5298368257363,0.121907262872132,NA,6040,"ok",128,"128-dimensional","FPDC__user_embeddings_128__k8__nf2__nu10"
"/content/drive/MyDrive/math252-project-colab-output/output/benchmark_results/fpdc_user_embeddings_128_k8_nf4_nu6.rds","FPDC","user_embeddings_128",8,4,6,175.922700166702,-0.0637712134624396,14.9559646021877,0.0561720527402747,NA,6040,"ok",128,"128-dimensional","FPDC__user_embeddings_128__k8__nf4__nu6"
"/content/drive/MyDrive/math252-project-colab-output/output/benchmark_results/fpdc_user_embeddings_128_k8_nf4_nu10.rds","FPDC","user_embeddings_128",8,4,10,62.6751308441162,-0.0653042457306144,16.3172196653162,0.0752331154045313,NA,6040,"ok",128,"128-dimensional","FPDC__user_embeddings_128__k8__nf4__nu10"
"/content/drive/MyDrive/math252-project-colab-output/output/benchmark_results/fpdc_user_embeddings_128_k8_nf5_nu6.rds","FPDC","user_embeddings_128",8,5,6,173.824071645737,-0.0260600659994707,9.49355117088228,0.043841579807376,NA,6040,"ok",128,"128-dimensional","FPDC__user_embeddings_128__k8__nf5__nu6"
"/content/drive/MyDrive/math252-project-colab-output/output/benchmark_results/fpdc_user_embeddings_128_k8_nf5_nu10.rds","FPDC","user_embeddings_128",8,5,10,61.6865382194519,-0.0211467411721465,9.54027742861635,0.0544908403563281,NA,6040,"ok",128,"128-dimensional","FPDC__user_embeddings_128__k8__nf5__nu10"
"/content/drive/MyDrive/math252-project-colab-output/output/benchmark_results/fpdc_user_embeddings_256_k2_nf2_nu6.rds","FPDC","user_embeddings_256",2,2,6,8177.82297515869,0.00425545817511379,28.6417396884862,0.112408492097661,NA,6040,"ok",256,"256-dimensional","FPDC__user_embeddings_256__k2__nf2__nu6"
"/content/drive/MyDrive/math252-project-colab-output/output/benchmark_results/fpdc_user_embeddings_256_k2_nf2_nu10.rds","FPDC","user_embeddings_256",2,2,10,2763.65934157372,0.0042550537786081,28.7921731459458,0.112408586912879,NA,6040,"ok",256,"256-dimensional","FPDC__user_embeddings_256__k2__nf2__nu10"
"/content/drive/MyDrive/math252-project-colab-output/output/benchmark_results/fpdc_user_embeddings_256_k2_nf3_nu6.rds","FPDC","user_embeddings_256",2,3,6,8273.45199942589,0.00447173436182717,28.635595077374,0.0960759365079894,NA,6040,"ok",256,"256-dimensional","FPDC__user_embeddings_256__k2__nf3__nu6"
"/content/drive/MyDrive/math252-project-colab-output/output/benchmark_results/fpdc_user_embeddings_256_k2_nf3_nu10.rds","FPDC","user_embeddings_256",2,3,10,2865.71664452553,0.00444103849444063,28.4968482038381,0.0960762311737098,NA,6040,"ok",256,"256-dimensional","FPDC__user_embeddings_256__k2__nf3__nu10"
"/content/drive/MyDrive/math252-project-colab-output/output/benchmark_results/fpdc_user_embeddings_256_k2_nf4_nu6.rds","FPDC","user_embeddings_256",2,4,6,238.648949146271,0.00267054110547005,13.6707955291536,0.0807429600352745,NA,6040,"ok",256,"256-dimensional","FPDC__user_embeddings_256__k2__nf4__nu6"
"/content/drive/MyDrive/math252-project-colab-output/output/benchmark_results/fpdc_user_embeddings_256_k2_nf4_nu10.rds","FPDC","user_embeddings_256",2,4,10,81.7470457553864,0.00270978214817454,14.1456698521845,0.0806864335615533,NA,6040,"ok",256,"256-dimensional","FPDC__user_embeddings_256__k2__nf4__nu10"
"/content/drive/MyDrive/math252-project-colab-output/output/benchmark_results/fpdc_user_embeddings_256_k2_nf5_nu6.rds","FPDC","user_embeddings_256",2,5,6,237.193033456802,0.000915666843689592,3.21691817637329,0.0844234382137424,NA,6040,"ok",256,"256-dimensional","FPDC__user_embeddings_256__k2__nf5__nu6"
"/content/drive/MyDrive/math252-project-colab-output/output/benchmark_results/fpdc_user_embeddings_256_k2_nf5_nu10.rds","FPDC","user_embeddings_256",2,5,10,81.8805167675018,0.000686549456372951,2.89534957262962,0.0839798510272746,NA,6040,"ok",256,"256-dimensional","FPDC__user_embeddings_256__k2__nf5__nu10"
"/content/drive/MyDrive/math252-project-colab-output/output/benchmark_results/fpdc_user_embeddings_256_k3_nf2_nu6.rds","FPDC","user_embeddings_256",3,2,6,170.196013689041,-0.0556262173551089,63.4050334128401,0.1455980158355,NA,6040,"ok",256,"256-dimensional","FPDC__user_embeddings_256__k3__nf2__nu6"
"/content/drive/MyDrive/math252-project-colab-output/output/benchmark_results/fpdc_user_embeddings_256_k3_nf2_nu10.rds","FPDC","user_embeddings_256",3,2,10,63.7525346279144,-0.0536822884117749,63.6118484268516,0.144291567603195,NA,6040,"ok",256,"256-dimensional","FPDC__user_embeddings_256__k3__nf2__nu10"
"/content/drive/MyDrive/math252-project-colab-output/output/benchmark_results/fpdc_user_embeddings_256_k3_nf3_nu6.rds","FPDC","user_embeddings_256",3,3,6,167.477331399918,-0.0166719001555313,68.2210041903232,0.118748429923591,NA,6040,"ok",256,"256-dimensional","FPDC__user_embeddings_256__k3__nf3__nu6"
"/content/drive/MyDrive/math252-project-colab-output/output/benchmark_results/fpdc_user_embeddings_256_k3_nf3_nu10.rds","FPDC","user_embeddings_256",3,3,10,62.0204150676727,-0.0153800022099783,68.322485373401,0.113708066703041,NA,6040,"ok",256,"256-dimensional","FPDC__user_embeddings_256__k3__nf3__nu10"
"/content/drive/MyDrive/math252-project-colab-output/output/benchmark_results/fpdc_user_embeddings_256_k3_nf4_nu6.rds","FPDC","user_embeddings_256",3,4,6,171.664107084274,0.00690157710320607,49.0778573603696,0.0790178016999478,NA,6040,"ok",256,"256-dimensional","FPDC__user_embeddings_256__k3__nf4__nu6"
"/content/drive/MyDrive/math252-project-colab-output/output/benchmark_results/fpdc_user_embeddings_256_k3_nf4_nu10.rds","FPDC","user_embeddings_256",3,4,10,58.4384391307831,0.00339186335271818,49.5395034837586,0.0866378010220144,NA,6040,"ok",256,"256-dimensional","FPDC__user_embeddings_256__k3__nf4__nu10"
"/content/drive/MyDrive/math252-project-colab-output/output/benchmark_results/fpdc_user_embeddings_256_k3_nf5_nu6.rds","FPDC","user_embeddings_256",3,5,6,171.425868034363,-0.00148862538071927,34.3342226480753,0.0681817860772226,NA,6040,"ok",256,"256-dimensional","FPDC__user_embeddings_256__k3__nf5__nu6"
"/content/drive/MyDrive/math252-project-colab-output/output/benchmark_results/fpdc_user_embeddings_256_k3_nf5_nu10.rds","FPDC","user_embeddings_256",3,5,10,56.634064912796,-0.00483474666908094,34.2914279612534,0.07835955377493,NA,6040,"ok",256,"256-dimensional","FPDC__user_embeddings_256__k3__nf5__nu10"
"/content/drive/MyDrive/math252-project-colab-output/output/benchmark_results/fpdc_user_embeddings_256_k4_nf2_nu6.rds","FPDC","user_embeddings_256",4,2,6,184.873507499695,-0.113325775776088,47.6771296168814,0.137926510700846,NA,6040,"ok",256,"256-dimensional","FPDC__user_embeddings_256__k4__nf2__nu6"
"/content/drive/MyDrive/math252-project-colab-output/output/benchmark_results/fpdc_user_embeddings_256_k4_nf2_nu10.rds","FPDC","user_embeddings_256",4,2,10,60.8633553981781,-0.113881937543219,47.5721874859505,0.137619863656711,NA,6040,"ok",256,"256-dimensional","FPDC__user_embeddings_256__k4__nf2__nu10"
"/content/drive/MyDrive/math252-project-colab-output/output/benchmark_results/fpdc_user_embeddings_256_k4_nf3_nu6.rds","FPDC","user_embeddings_256",4,3,6,193.915180206299,-0.0473540342733866,51.8339080668489,0.105049352435936,NA,6040,"ok",256,"256-dimensional","FPDC__user_embeddings_256__k4__nf3__nu6"
"/content/drive/MyDrive/math252-project-colab-output/output/benchmark_results/fpdc_user_embeddings_256_k4_nf3_nu10.rds","FPDC","user_embeddings_256",4,3,10,68.2787237167358,-0.0545886432674196,51.7256947533559,0.105800576032864,NA,6040,"ok",256,"256-dimensional","FPDC__user_embeddings_256__k4__nf3__nu10"
"/content/drive/MyDrive/math252-project-colab-output/output/benchmark_results/fpdc_user_embeddings_256_k4_nf4_nu6.rds","FPDC","user_embeddings_256",4,4,6,169.004690647125,-0.0155889232372077,33.1629465455818,0.0679793723327947,NA,6040,"ok",256,"256-dimensional","FPDC__user_embeddings_256__k4__nf4__nu6"
"/content/drive/MyDrive/math252-project-colab-output/output/benchmark_results/fpdc_user_embeddings_256_k4_nf4_nu10.rds","FPDC","user_embeddings_256",4,4,10,59.5909180641174,-0.0156332724880811,33.1137996244983,0.07207488077394,NA,6040,"ok",256,"256-dimensional","FPDC__user_embeddings_256__k4__nf4__nu10"
"/content/drive/MyDrive/math252-project-colab-output/output/benchmark_results/fpdc_user_embeddings_256_k4_nf5_nu6.rds","FPDC","user_embeddings_256",4,5,6,167.789256095886,-0.0149199945477082,26.4717917552425,0.0690668068828253,NA,6040,"ok",256,"256-dimensional","FPDC__user_embeddings_256__k4__nf5__nu6"
"/content/drive/MyDrive/math252-project-colab-output/output/benchmark_results/fpdc_user_embeddings_256_k4_nf5_nu10.rds","FPDC","user_embeddings_256",4,5,10,55.9631333351135,-0.012516458042832,20.0377154568315,0.0516102789658018,NA,6040,"ok",256,"256-dimensional","FPDC__user_embeddings_256__k4__nf5__nu10"
"/content/drive/MyDrive/math252-project-colab-output/output/benchmark_results/fpdc_user_embeddings_256_k5_nf2_nu6.rds","FPDC","user_embeddings_256",5,2,6,188.318091630936,-0.116508191284576,39.1467386251287,0.122379476594055,NA,6040,"ok",256,"256-dimensional","FPDC__user_embeddings_256__k5__nf2__nu6"
"/content/drive/MyDrive/math252-project-colab-output/output/benchmark_results/fpdc_user_embeddings_256_k5_nf2_nu10.rds","FPDC","user_embeddings_256",5,2,10,67.712144613266,-0.117513677469068,38.8729481708555,0.122148206271141,NA,6040,"ok",256,"256-dimensional","FPDC__user_embeddings_256__k5__nf2__nu10"
"/content/drive/MyDrive/math252-project-colab-output/output/benchmark_results/fpdc_user_embeddings_256_k5_nf3_nu6.rds","FPDC","user_embeddings_256",5,3,6,186.101809978485,-0.086195162492323,41.2268386852069,0.10007330101796,NA,6040,"ok",256,"256-dimensional","FPDC__user_embeddings_256__k5__nf3__nu6"
"/content/drive/MyDrive/math252-project-colab-output/output/benchmark_results/fpdc_user_embeddings_256_k5_nf3_nu10.rds","FPDC","user_embeddings_256",5,3,10,71.1035449504852,-0.209347121278152,39.6039208313271,0.108959898818844,NA,6040,"ok",256,"256-dimensional","FPDC__user_embeddings_256__k5__nf3__nu10"
"/content/drive/MyDrive/math252-project-colab-output/output/benchmark_results/fpdc_user_embeddings_256_k5_nf4_nu6.rds","FPDC","user_embeddings_256",5,4,6,180.487156152725,-0.0295133536950258,25.6154335299129,0.0669046131825642,NA,6040,"ok",256,"256-dimensional","FPDC__user_embeddings_256__k5__nf4__nu6"
"/content/drive/MyDrive/math252-project-colab-output/output/benchmark_results/fpdc_user_embeddings_256_k5_nf4_nu10.rds","FPDC","user_embeddings_256",5,4,10,63.9004552364349,-0.0275103214844513,25.4396735544254,0.0738661418849061,NA,6040,"ok",256,"256-dimensional","FPDC__user_embeddings_256__k5__nf4__nu10"
"/content/drive/MyDrive/math252-project-colab-output/output/benchmark_results/fpdc_user_embeddings_256_k5_nf5_nu6.rds","FPDC","user_embeddings_256",5,5,6,174.047588586807,-0.0210248046035981,17.9654240518114,0.0583458928925328,NA,6040,"ok",256,"256-dimensional","FPDC__user_embeddings_256__k5__nf5__nu6"
"/content/drive/MyDrive/math252-project-colab-output/output/benchmark_results/fpdc_user_embeddings_256_k5_nf5_nu10.rds","FPDC","user_embeddings_256",5,5,10,58.7284169197083,-0.00599596029200028,18.2561425244815,0.058245770012918,NA,6040,"ok",256,"256-dimensional","FPDC__user_embeddings_256__k5__nf5__nu10"
"/content/drive/MyDrive/math252-project-colab-output/output/benchmark_results/fpdc_user_embeddings_256_k6_nf2_nu6.rds","FPDC","user_embeddings_256",6,2,6,202.666659593582,-0.118253886884905,32.6834155029728,0.112095875048532,NA,6040,"ok",256,"256-dimensional","FPDC__user_embeddings_256__k6__nf2__nu6"
"/content/drive/MyDrive/math252-project-colab-output/output/benchmark_results/fpdc_user_embeddings_256_k6_nf2_nu10.rds","FPDC","user_embeddings_256",6,2,10,84.1772124767303,-0.11033505291003,32.9012498416886,0.110187325292097,NA,6040,"ok",256,"256-dimensional","FPDC__user_embeddings_256__k6__nf2__nu10"
"/content/drive/MyDrive/math252-project-colab-output/output/benchmark_results/fpdc_user_embeddings_256_k6_nf3_nu6.rds","FPDC","user_embeddings_256",6,3,6,203.573558568954,-0.215607183305266,34.9075773389859,0.103156617745294,NA,6040,"ok",256,"256-dimensional","FPDC__user_embeddings_256__k6__nf3__nu6"
"/content/drive/MyDrive/math252-project-colab-output/output/benchmark_results/fpdc_user_embeddings_256_k6_nf3_nu10.rds","FPDC","user_embeddings_256",6,3,10,70.7382252216339,-0.20894602781993,33.9227687902489,0.148153985825171,NA,6040,"ok",256,"256-dimensional","FPDC__user_embeddings_256__k6__nf3__nu10"
"/content/drive/MyDrive/math252-project-colab-output/output/benchmark_results/fpdc_user_embeddings_256_k6_nf4_nu6.rds","FPDC","user_embeddings_256",6,4,6,180.467421293259,-0.0414910791188415,20.8330414684713,0.0708575808295539,NA,6040,"ok",256,"256-dimensional","FPDC__user_embeddings_256__k6__nf4__nu6"
"/content/drive/MyDrive/math252-project-colab-output/output/benchmark_results/fpdc_user_embeddings_256_k6_nf4_nu10.rds","FPDC","user_embeddings_256",6,4,10,66.9133808612823,-0.0146148467469356,21.2168856168783,0.0806824041122479,NA,6040,"ok",256,"256-dimensional","FPDC__user_embeddings_256__k6__nf4__nu10"
"/content/drive/MyDrive/math252-project-colab-output/output/benchmark_results/fpdc_user_embeddings_256_k6_nf5_nu6.rds","FPDC","user_embeddings_256",6,5,6,175.830889225006,-0.00717777029271307,11.9417280430735,0.0559843661578585,NA,6040,"ok",256,"256-dimensional","FPDC__user_embeddings_256__k6__nf5__nu6"
"/content/drive/MyDrive/math252-project-colab-output/output/benchmark_results/fpdc_user_embeddings_256_k6_nf5_nu10.rds","FPDC","user_embeddings_256",6,5,10,60.8726980686188,-0.00864392081269205,13.3668263681218,0.0563139550881071,NA,6040,"ok",256,"256-dimensional","FPDC__user_embeddings_256__k6__nf5__nu10"
"/content/drive/MyDrive/math252-project-colab-output/output/benchmark_results/fpdc_user_embeddings_256_k7_nf2_nu6.rds","FPDC","user_embeddings_256",7,2,6,207.191628217697,-0.111289766432909,31.2608013285681,0.10117295724276,NA,6040,"ok",256,"256-dimensional","FPDC__user_embeddings_256__k7__nf2__nu6"
"/content/drive/MyDrive/math252-project-colab-output/output/benchmark_results/fpdc_user_embeddings_256_k7_nf2_nu10.rds","FPDC","user_embeddings_256",7,2,10,79.2229971885681,-0.104233234589142,31.2228803083753,0.0964909557142519,NA,6040,"ok",256,"256-dimensional","FPDC__user_embeddings_256__k7__nf2__nu10"
"/content/drive/MyDrive/math252-project-colab-output/output/benchmark_results/fpdc_user_embeddings_256_k7_nf4_nu6.rds","FPDC","user_embeddings_256",7,4,6,183.752475738525,-0.0402932628231781,16.7314738621026,0.0655961682858247,NA,6040,"ok",256,"256-dimensional","FPDC__user_embeddings_256__k7__nf4__nu6"
"/content/drive/MyDrive/math252-project-colab-output/output/benchmark_results/fpdc_user_embeddings_256_k7_nf4_nu10.rds","FPDC","user_embeddings_256",7,4,10,68.9261000156403,-0.0257172012260986,17.4440180429342,0.0586337383139021,NA,6040,"ok",256,"256-dimensional","FPDC__user_embeddings_256__k7__nf4__nu10"
"/content/drive/MyDrive/math252-project-colab-output/output/benchmark_results/fpdc_user_embeddings_256_k7_nf5_nu6.rds","FPDC","user_embeddings_256",7,5,6,179.582342624664,-0.0152727907942642,8.34396695458132,0.0531489926406355,NA,6040,"ok",256,"256-dimensional","FPDC__user_embeddings_256__k7__nf5__nu6"
"/content/drive/MyDrive/math252-project-colab-output/output/benchmark_results/fpdc_user_embeddings_256_k7_nf5_nu10.rds","FPDC","user_embeddings_256",7,5,10,65.8182792663574,-0.0252023642726261,7.47536621121066,0.0494034189640994,NA,6040,"ok",256,"256-dimensional","FPDC__user_embeddings_256__k7__nf5__nu10"
"/content/drive/MyDrive/math252-project-colab-output/output/benchmark_results/fpdc_user_embeddings_256_k8_nf2_nu6.rds","FPDC","user_embeddings_256",8,2,6,203.805125951767,-0.15360351547328,27.6237694653677,0.0980187892277435,NA,6040,"ok",256,"256-dimensional","FPDC__user_embeddings_256__k8__nf2__nu6"
"/content/drive/MyDrive/math252-project-colab-output/output/benchmark_results/fpdc_user_embeddings_256_k8_nf2_nu10.rds","FPDC","user_embeddings_256",8,2,10,91.5954687595367,-0.142135065833006,27.8142826262498,0.105920898033317,NA,6040,"ok",256,"256-dimensional","FPDC__user_embeddings_256__k8__nf2__nu10"
"/content/drive/MyDrive/math252-project-colab-output/output/benchmark_results/fpdc_user_embeddings_256_k8_nf3_nu6.rds","FPDC","user_embeddings_256",8,3,6,208.671446800232,-0.216518564915821,25.1192482826658,0.117306941350143,NA,6040,"ok",256,"256-dimensional","FPDC__user_embeddings_256__k8__nf3__nu6"
"/content/drive/MyDrive/math252-project-colab-output/output/benchmark_results/fpdc_user_embeddings_256_k8_nf4_nu6.rds","FPDC","user_embeddings_256",8,4,6,190.29060459137,-0.0561801387730552,14.6443766857727,0.0554080712297659,NA,6040,"ok",256,"256-dimensional","FPDC__user_embeddings_256__k8__nf4__nu6"
"/content/drive/MyDrive/math252-project-colab-output/output/benchmark_results/fpdc_user_embeddings_256_k8_nf4_nu10.rds","FPDC","user_embeddings_256",8,4,10,71.0152230262756,-0.0341307007091669,14.8711332878452,0.0647283318372478,NA,6040,"ok",256,"256-dimensional","FPDC__user_embeddings_256__k8__nf4__nu10"
"/content/drive/MyDrive/math252-project-colab-output/output/benchmark_results/fpdc_user_embeddings_256_k8_nf5_nu6.rds","FPDC","user_embeddings_256",8,5,6,184.798300027847,-0.0348797874129255,7.31675592443489,0.048744174832546,NA,6040,"ok",256,"256-dimensional","FPDC__user_embeddings_256__k8__nf5__nu6"
"/content/drive/MyDrive/math252-project-colab-output/output/benchmark_results/fpdc_user_embeddings_256_k8_nf5_nu10.rds","FPDC","user_embeddings_256",8,5,10,66.0865321159363,-0.0377548834954213,7.30404657829088,0.0565432952236506,NA,6040,"ok",256,"256-dimensional","FPDC__user_embeddings_256__k8__nf5__nu10"
